title,year,director,genre,synopsis,cover_url,copies_total,copies_available,rental_price,is_active,notes
100 YEAR OLD MAN THE - SWEDISH,,,INTERNATIONAL,,,1,1,3.00,true,Format: DVD
10TH DISTRICT COURT - FRENCH,,,INTERNATIONAL,,,1,1,3.00,true,Format: DVD
12 ANGRY MEN (1957),1957,,CLASSIC,,,1,1,3.00,true,Format: DVD
12 YEARS A SLAVE,,,AWARD WINNER,,,1,1,3.00,true,Format: BLU-RAY
13 TZAMETI - FRENCH,,,INTERNATIONAL,,,1,1,3.00,true,Format: DVD
17 GIRLS - FRENCH,,,"CRITICS' CHOICE, INTERNATIONAL",,,1,1,3.00,true,Format: DVD
2 OR 3 THINGS I KNOW ABOUT HER - FRENCH,,,"CRITERION, INTERNATIONAL",,,1,1,3.00,true,Format: DVD | Keywords: FRENCH
20 FEET FROM STARDOM,,,"AWARD WINNER, DOCUMENTARY",,,1,1,3.00,true,Format: DVD
2001: A SPACE ODYSSEY,,,SCI-FI/FANTASY,,,1,1,3.00,true,Format: DVD | Keywords: KUBRICK
3 HEARTS - FRENCH,,,INTERNATIONAL,,,1,1,3.00,true,Format: DVD
3 PENNY OPERA - GERMAN,,,"CRITERION, INTERNATIONAL",,,1,1,3.00,true,Format: DVD
3 WOMEN,,,CRITERION,,,1,1,3.00,true,Format: DVD
3:10 TO YUMA-1957,,,"CRITERION, WESTERN",,,1,1,3.00,true,Format: DVD
39 STEPS THE,,,CRITERION,,,1,1,3.00,true,Format: DVD | Keywords: HITCHCOCK
"4 FILM FAVORITES (SPACE JAM, LOONEY TOONS BACK IN ACTION, FUNKEY MONKEY, OSMOSIS JONES)",,,,,,1,1,3.00,true,Format: DVD
400 BLOWS THE - FRENCH,,,"CRITERION, INTERNATIONAL",,,1,1,3.00,true,Format: DVD
49TH PARALLEL,,,CRITERION,,,1,1,3.00,true,Format: DVD
5 X 2 - FRENCH,,,INTERNATIONAL,,,1,1,3.00,true,Format: DVD
7 DAYS - FRENCH,,,INTERNATIONAL,,,1,1,3.00,true,Format: DVD | Keywords: SUNDANCE
8 1/2 - ITALIAN,,,"AWARD WINNER, INTERNATIONAL",,,1,1,3.00,true,Format: DVD
8 WOMEN - FRENCH,,,INTERNATIONAL,,,1,1,3.00,true,Format: DVD
A L'AVENTURE - FRENCH,,,INTERNATIONAL,,,1,1,3.00,true,Format: DVD
A LA MODE - FRENCH,,,"COMEDY, INTERNATIONAL",,,1,1,3.00,true,Format: DVD
A LITTLE PRINCESS / SECRET GARDEN,,,FAMILY,,,1,1,3.00,true,Format: DVD
A NOS AMOURS - FRENCH,,,"CRITERION, INTERNATIONAL",,,1,1,3.00,true,Format: DVD
ACCUSED THE,,,AWARD WINNER,,,1,1,3.00,true,Format: DVD | Keywords: FOSTER
ADVENTURES OF FELIX - FRENCH,,,INTERNATIONAL,,,1,1,3.00,true,Format: DVD
AFFAIR OF LOVE AN - FRENCH,,,INTERNATIONAL,,,1,1,3.00,true,Format: DVD
AFRICAN QUEEN THE,,,AWARD WINNER,,,1,1,3.00,true,Format: DVD | Keywords: BOGART
AFTER HOURS,,,,,,1,1,3.00,true,Format: 4K-ULTRA
AGE OF THE MEDICI THE - ITALIAN,,,"ECLIPSE, CRITERION, INTERNATIONAL",,,1,1,3.00,true,Format: DVD
AGE OF UPRISING - FRENCH,,,INTERNATIONAL,,,1,1,3.00,true,Format: DVD | Keywords: MIKKELSEN
AIR RAID WARDENS / NOTHING BUT TROUBLE,,,CLASSIC,,,1,1,3.00,true,Format: DVD
ALAIN DELON: SWIMMING POOL / DIABOLICALLY YOURS / WIDOW COUDERC / THE GYPSY / OUR STORY - FRENCH,,,INTERNATIONAL,,,1,1,3.00,true,Format: DVD
ALEXANDER NEVSKY - RUSSIAN,,,"CRITERION, INTERNATIONAL",,,1,1,3.00,true,Format: DVD
ALI: FEAR EATS THE SOUL,,,CRITERION,,,1,1,3.00,true,Format: DVD
ALIAS BETTY - FRENCH,,,INTERNATIONAL,,,1,1,3.00,true,Format: DVD
ALIEN AGENT,,,,,,1,1,3.00,true,Format: DVD
ALIEN VS PREDATOR: REQUIEM,,,,,,1,1,3.00,true,Format: DVD
ALL ABOUT EVE,,,AWARD WINNER,,,1,1,3.00,true,Format: DVD
ALL ABOUT MY MOTHER - SPANISH,,,"AWARD WINNER, INTERNATIONAL",,,1,1,3.00,true,Format: DVD
ALL THAT HEAVEN ALLOWS,,,CRITERION,,,1,1,3.00,true,Format: DVD
ALL THAT JAZZ,,,"AWARD WINNER, MUSICAL",,,1,1,3.00,true,Format: DVD
ALL THE KING'S MEN,,,AWARD WINNER,,,1,1,3.00,true,Format: DVD
ALL THE PRESIDENT'S MEN,,,CRITICS' CHOICE,,,1,1,3.00,true,Format: DVD
ALL TOGETHER - FRENCH,,,INTERNATIONAL,,,1,1,3.00,true,Format: DVD
ALPHAVILLE - FRENCH,,,"CRITERION, INTERNATIONAL",,,1,1,3.00,true,Format: DVD
AMARCORD - ITALIAN,,,"AWARD WINNER, INTERNATIONAL",,,1,1,3.00,true,Format: BLU-RAY
AMER - FRENCH,,,INTERNATIONAL,,,1,1,3.00,true,Format: DVD
AMERICAN BEAUTY,,,AWARD WINNER,,,1,1,3.00,true,Format: DVD
AMERICAN IN PARIS AN,,,"AWARD WINNER, CLASSIC, MUSICAL",,,1,1,3.00,true,Format: DVD
AMERICAN SOLDIER THE - GERMAN,,,"ECLIPSE, CRITERION, INTERNATIONAL",,,1,1,3.00,true,Format: DVD
AMOUR - FRENCH,,,"AWARD WINNER, INTERNATIONAL",,,1,1,3.00,true,Format: BLU-RAY
AMOUR DE FEMME - FRENCH,,,INTERNATIONAL,,,1,1,3.00,true,Format: DVD
AMY,,,"AWARD WINNER, DOCUMENTARY",,,1,1,3.00,true,Format: DVD
AND EVERYTHING IS GOING FINE,,,CRITERION,,,1,1,3.00,true,Format: DVD
AND GOD CREATED WOMEN - FRENCH,,,"CRITERION, INTERNATIONAL",,,1,1,3.00,true,Format: DVD
AND NOW LADIES & GENTLEMEN - FRENCH,,,INTERNATIONAL,,,1,1,3.00,true,Format: DVD
AND THE SHIP SAILS ON - ITALIAN,,,"CRITERION, INTERNATIONAL",,,1,1,3.00,true,Format: DVD
ANDROCLES AND THE LION,,,"ECLIPSE, CRITERION",,,1,1,3.00,true,Format: DVD
ANGEL AT MY TABLE AN,,,CRITERION,,,1,1,3.00,true,Format: DVD
ANGEL-A - FRENCH,,,INTERNATIONAL,,,1,1,3.00,true,Format: DVD
ANGELIQUE BOX SET - FRENCH,,,INTERNATIONAL,,,1,1,3.00,true,Format: DVD
ANNIE HALL,,,AWARD WINNER,,,1,1,3.00,true,Format: DVD
ANTICHRIST,,,CRITERION,,,1,1,3.00,true,Format: DVD
ANTONIO GAUDI - JAPANESE,,,"CRITERION, INTERNATIONAL",,,1,1,3.00,true,Format: DVD
APART FROM YOU / EVERY-NIGHT DREAMS,,,"ECLIPSE, CRITERION",,,1,1,3.00,true,Format: DVD
APARTMENT THE,,,AWARD WINNER,,,1,1,3.00,true,Format: DVD
APOCALYPSE NOW,,,AWARD WINNER,,,1,1,3.00,true,Format: DVD
APRES VOUS - FRENCH,,,INTERNATIONAL,,,1,1,3.00,true,Format: DVD
APRIL AND THE EXTRAORDINARY WORLD - FRENCH,,,INTERNATIONAL,,,1,1,3.00,true,Format: BLU-RAY
ARABIAN NIGHTS,,,CRITERION,,,1,1,3.00,true,Format: DVD
ARGO,,,AWARD WINNER,,,1,1,3.00,true,Format: BLU-RAY
ARIEL,,,"ECLIPSE, CRITERION",,,1,1,3.00,true,Format: DVD
ARMAGEDDON,,,CRITERION,,,1,1,3.00,true,Format: DVD
ARMY OF SHADOWS - FRENCH,,,INTERNATIONAL,,,1,1,3.00,true,
ARMY OF SHADOWS- FRENCH,,,"CRITERION, INTERNATIONAL",,,1,1,3.00,true,Format: DVD
ARSENIC AND OLD LACE,,,,,,1,1,3.00,true,Format: BLU-RAY
ARTEMISIA - FRENCH,,,INTERNATIONAL,,,1,1,3.00,true,Format: DVD
ARTIST THE,,,AWARD WINNER,,,1,1,3.00,true,Format: BLU-RAY
AS A YOUNG GIRL OF THIRTEEN,,,DOCUMENTARY,,,1,1,3.00,true,Format: DVD | Keywords: HISTORY
AS GOOD AS IT GETS,,,AWARD WINNER,,,1,1,3.00,true,Format: DVD
ASCENT THE - RUSSIAN,,,"ECLIPSE, CRITERION, INTERNATIONAL",,,1,1,3.00,true,Format: DVD
ASHES & DIAMONDS - POLISH,,,"CRITERION, INTERNATIONAL",,,1,1,3.00,true,Format: DVD
ATOMIC SUBMARINE / FIRST MAN IN SPACE,,,CRITERION,,,1,1,3.00,true,Format: DVD
AU HASARD BALTHAZAR - FRENCH,,,"CRITERION, INTERNATIONAL",,,1,1,3.00,true,Format: DVD
AUGUST: OSAGE COUNTY,,,DRAMA,,,1,1,3.00,true,Format: DVD
AUGUSTINE - FRENCH,,,INTERNATIONAL,,,1,1,3.00,true,Format: DVD
AUTUMN AFTERNOON AN - JAPANESE,,,"CRITERION, INTERNATIONAL",,,1,1,3.00,true,Format: DVD
AUTUMN SONATA - SWEDISH,,,"CRITERION, INTERNATIONAL",,,1,1,3.00,true,Format: DVD
AVENGERS: AGE OF ULTRON,,,,,,1,1,3.00,true,Format: BLU-RAY
AVENUE MONTAIGNE - FRENCH,,,INTERNATIONAL,,,1,1,3.00,true,Format: DVD
AVIDA - FRENCH,,,INTERNATIONAL,,,1,1,3.00,true,Format: DVD
AWFUL TRUTH THE,,,AWARD WINNER,,,1,1,3.00,true,Format: DVD
BABE,,,,,,1,1,3.00,true,Format: BLU-RAY
BABE: PIG IN THE CITY,,,,,,1,1,3.00,true,Format: BLU-RAY
BABETTE'S FEAST - DANISH / FRENCH,,,"AWARD WINNER, INTERNATIONAL",,,1,1,3.00,true,Format: DVD
BABO 73 / CHAFED ELBOWS / NO MORE EXCUSES,,,"ECLIPSE, CRITERION",,,1,1,3.00,true,Format: DVD
BACK TO THE FUTURE TRILOGY,,,COMEDY,,,1,1,3.00,true,Format: BLU-RAY
BAD COMPANY(1999) - FRENCH,1999,,INTERNATIONAL,,,1,1,3.00,true,Format: DVD
BAD SLEEP WELL THE - JAPANESE,,,"CRITERION, INTERNATIONAL",,,1,1,3.00,true,Format: DVD
BAD TIMING,,,CRITERION,,,1,1,3.00,true,
BAISE MOI - FRENCH,,,INTERNATIONAL,,,1,1,3.00,true,Format: DVD
BALLAD OF A SOLDIER - RUSSIAN,,,"CRITERION, INTERNATIONAL",,,1,1,3.00,true,Format: DVD
BALLAD OF NARAYAMA THE (1958) - JAPANESE,1958,,"AWARD WINNER, INTERNATIONAL",,,1,1,3.00,true,Format: DVD
BAMAKO - FRENCH,,,INTERNATIONAL,,,1,1,3.00,true,Format: DVD
BAMBOOZLED,,,CRITERION,,,1,1,3.00,true,Format: BLU-RAY
BAND OF OUTSIDERS - FRENCH,,,"CRITERION, INTERNATIONAL",,,1,1,3.00,true,Format: DVD
BANDIT OF SHERWOOD FOREST THE,,,CLASSIC,,,1,1,3.00,true,Format: DVD
BARBARIAN INVASIONS THE - FRENCH,,,"AWARD WINNER, INTERNATIONAL",,,1,1,3.00,true,Format: DVD
BARON OF ARIZONA THE,,,"ECLIPSE, CRITERION",,,1,1,3.00,true,Format: DVD
BARTON FINK,,,AWARD WINNER,,,1,1,3.00,true,Format: DVD
BATTLE HYMN,,,CLASSIC,,,1,1,3.00,true,Format: DVD
BATTLESHIP POTEMKIN - RUSSIAN,,,INTERNATIONAL,,,1,1,3.00,true,Format: DVD
BAXTER - FRENCH,,,INTERNATIONAL,,,1,1,3.00,true,Format: DVD
BEALES OF GREY GARDENS,,,CRITERION,,,1,1,3.00,true,Format: DVD
BEASTIE BOYS VIDEO ANTHOLOGY,,,CRITERION,,,1,1,3.00,true,Format: DVD
BEAT THAT MY HEART SKIPPED - FRENCH,,,INTERNATIONAL,,,1,1,3.00,true,Format: DVD
BEAU TRAVAIL - FRENCH,,,INTERNATIONAL,,,1,1,3.00,true,Format: DVD
BEAU TRAVAIL - FRENCH,,,,,,1,1,3.00,true,Format: BLU-RAY
BEAUTIFUL MIND A,,,AWARD WINNER,,,1,1,3.00,true,Format: DVD
BEAUTIFUL PERSON THE - FRENCH,,,INTERNATIONAL,,,1,1,3.00,true,Format: DVD
BEAUTY AND THE BEAST - FRENCH,,,CRITERION,,,1,1,3.00,true,Format: BLU-RAY
BECOMING ASTRID - SWEDISH,,,INTERNATIONAL,,,1,1,3.00,true,Format: DVD
BED AND BOARD - FRENCH,,,"CRITERION, INTERNATIONAL",,,1,1,3.00,true,Format: DVD
BEFORE THE RAIN - MACEDONIAN / ALBANIAN,,,"CRITERION, INTERNATIONAL",,,1,1,3.00,true,Format: DVD
BEHOLD A PALE HORSE,,,CLASSIC,,,1,1,3.00,true,Format: DVD
BELLE DE JOUR - FRENCH,,,"CRITERION, INTERNATIONAL",,,1,1,3.00,true,Format: DVD
BELOVED (LES BIEN-AIMES) - FRENCH,,,INTERNATIONAL,,,1,1,3.00,true,Format: DVD
BEN HUR(1959),1959,,"AWARD WINNER, CLASSIC",,,1,1,3.00,true,Format: DVD
BENNY'S VIDEO - FRENCH,,,INTERNATIONAL,,,1,1,3.00,true,Format: DVD
BERGMAN ISLAND - SWEDISH,,,"CRITERION, INTERNATIONAL",,,1,1,3.00,true,Format: DVD
BERLIN ALEXANDERPLATZ - GERMAN,,,"CRITERION, INTERNATIONAL",,,1,1,3.00,true,Format: DVD
BEST YEARS OF OUR LIVES,,,"AWARD WINNER, CLASSIC",,,1,1,3.00,true,Format: DVD
BEWARE OF A HOLY WHORE - GERMAN,,,"ECLIPSE, CRITERION, INTERNATIONAL",,,1,1,3.00,true,Format: DVD
BEYOND THE ROCKS,,,CLASSIC,,,1,1,3.00,true,Format: DVD
BIG CITY THE - BENGALI,,,"CRITERION, INTERNATIONAL",,,1,1,3.00,true,Format: DVD
BIG DEAL ON MADONNA STREET - ITALIAN,,,"CRITERION, INTERNATIONAL",,,1,1,3.00,true,Format: DVD
BIG LEBOWSKI THE,,,,,,1,1,3.00,true,Format: DVD
BIGGER THAN LIFE,,,CRITERION,,,1,1,3.00,true,Format: DVD
BILITIS - FRENCH,,,INTERNATIONAL,,,1,1,3.00,true,Format: DVD
BILLY LIAR,,,CRITERION,,,1,1,3.00,true,Format: DVD
BIRDMAN,,,AWARD WINNER,,,1,1,3.00,true,Format: BLU-RAY
BITTER RICE,,,CRITERION,,,1,1,3.00,true,Format: DVD
BIUTIFUL - SPANISH,,,INTERNATIONAL,,,1,1,3.00,true,Format: DVD
BLACK AND WHITE IN COLOR - FRENCH / GERMAN / ENGLISH,,,"AWARD WINNER, INTERNATIONAL",,,1,1,3.00,true,Format: DVD
BLACK BEAUTY,,,,,,1,1,3.00,true,Format: BLU-RAY
BLACK HEAVEN - FRENCH,,,INTERNATIONAL,,,1,1,3.00,true,Format: DVD
BLACK MOON,,,CRITERION,,,1,1,3.00,true,Format: DVD
BLACK NARCISSUS,,,CRITERION,,,1,1,3.00,true,Format: DVD
BLACK ORPHEUS - PORTUGESE,,,"AWARD WINNER, INTERNATIONAL",,,1,1,3.00,true,Format: DVD
BLACK PANTHER,,,"ACTION, STUDIO",,,1,1,3.00,true,Format: DVD | Keywords: MARVEL
BLACK SABBATH - ITALIAN,,,"HORROR, INTERNATIONAL",,,1,1,3.00,true,Format: DVD
BLACK SUN,,,"ECLIPSE, CRITERION",,,1,1,3.00,true,Format: DVD
BLACK SUNDAY - ITALIAN,,,"HORROR, INTERNATIONAL",,,1,1,3.00,true,Format: DVD
BLACK SWAN,,,AWARD WINNER,,,1,1,3.00,true,Format: DVD
BLAISE PASCAL - FRENCH,,,"ECLIPSE, CRITERION, INTERNATIONAL",,,1,1,3.00,true,Format: DVD
BLAME IT ON FIDEL! - FRENCH,,,INTERNATIONAL,,,1,1,3.00,true,Format: DVD
BLAST OF SILENCE,,,CRITERION,,,1,1,3.00,true,Format: DVD
BLAZING SADDLES,,,CULT CLASSICS,,,1,1,3.00,true,Format: DVD
BLIND SIDE THE,,,AWARD WINNER,,,1,1,3.00,true,Format: BLU-RAY
BLITHE SPIRIT,,,CRITERION,,,1,1,3.00,true,Format: DVD
BLOB THE,,,CRITERION,,,1,1,3.00,true,Format: DVD
BLOOD OF A POET THE - FRENCH X2,,,"CRITERION, INTERNATIONAL",,,1,1,3.00,true,Format: DVD
BLOW-UP,,,AWARD WINNER,,,1,1,3.00,true,Format: DVD
BLU-RAY,,,"CRITERION, INTERNATIONAL",,,1,1,3.00,true,Format: DVD
BLUE - FRENCH,,,INTERNATIONAL,,,1,1,3.00,true,Format: DVD
BLUE IS THE WARMEST COLOR - FRENCH,,,"AWARD WINNER, CRITERION, INTERNATIONAL",,,1,1,3.00,true,Format: BLU-RAY
BLUE JASMINE,,,AWARD WINNER,,,1,1,3.00,true,Format: BLU-RAY
BOB LE FLAMBEUR - FRENCH,,,"CRITERION, INTERNATIONAL",,,1,1,3.00,true,Format: DVD
BOHEMIAN RHAPSODY,,,AWARD WINNER,,,1,1,3.00,true,Format: DVD
BON VOYAGE - FRENCH,,,INTERNATIONAL,,,1,1,3.00,true,Format: DVD
BONNIE AND CLYDE,,,"AWARD WINNER, CLASSIC",,,1,1,3.00,true,Format: DVD
BORDER RADIO,,,CRITERION,,,1,1,3.00,true,Format: DVD
BORN INTO BROTHELS,,,"AWARD WINNER, DOCUMENTARY",,,1,1,3.00,true,Format: DVD
BORN ON THE FOURTH OF JULY,,,AWARD WINNER,,,1,1,3.00,true,Format: DVD
BORN YESTERDAY (1950),1950,,AWARD WINNER,,,1,1,3.00,true,Format: DVD
BOTTLE ROCKET,,,CRITERION,,,1,1,3.00,true,Format: DVD | Keywords: WES ANDERSON
BOTTLE SHOCK,,,DRAMEDY,,,1,1,3.00,true,Format: DVD
BOUDU SAVED FROM DROWNING - FRENCH,,,"CRITERION, INTERNATIONAL",,,1,1,3.00,true,Format: DVD
BOWLING FOR COLUMBINE,,,"AWARD WINNER, DOCUMENTARY",,,1,1,3.00,true,Format: DVD
BOYS DON'T CRY,,,AWARD WINNER,,,1,1,3.00,true,Format: DVD
BRAIN THE - FRENCH,,,INTERNATIONAL,,,1,1,3.00,true,Format: DVD
BRAND UPON THE BRAIN!,,,CRITERION,,,1,1,3.00,true,Format: DVD
BRANDED TO KILL - JAPANESE,,,"CRITERION, INTERNATIONAL",,,1,1,3.00,true,Format: DVD
BRAVE,,,,,,1,1,3.00,true,Format: DVD
BRAVE,,,,,,1,1,3.00,true,Format: BLU-RAY
BRAVEHEART,,,AWARD WINNER,,,1,1,3.00,true,Format: DVD
BRAZIL,,,CRITERION,,,1,1,3.00,true,Format: DVD
BREAKFAST AT TIFFANY'S,,,CLASSIC,,,1,1,3.00,true,Format: DVD
BREAKFAST CLUB THE,,,DRAMEDY,,,1,1,3.00,true,Format: DVD
BREATHLESS(1959) - FRENCH,1959,,INTERNATIONAL,,,1,1,3.00,true,Format: DVD
BRIDESMAID THE - FRENCH,,,INTERNATIONAL,,,1,1,3.00,true,Format: DVD
BRIDGE ON THE RIVER KWAI,,,AWARD WINNER,,,1,1,3.00,true,Format: DVD
BRIDGE THE(2000) - FRENCH,2000,,INTERNATIONAL,,,1,1,3.00,true,Format: DVD
BRIGHTER SUMMER DAY A - MANDARIN,,,"CRITERION, INTERNATIONAL",,,1,1,3.00,true,Format: DVD
BRIGITTE BARDOT: NAUGHTY GIRL / COME DANCE WITH ME / LOVE ON A PILLOW / TWO WEEKS IN SEPTEMBER / VIXEN THE - FRENCH,,,INTERNATIONAL,,,1,1,3.00,true,Format: DVD
BROADCAST NEWS,,,CRITERION,,,1,1,3.00,true,Format: DVD
BROADWAY MELODY THE,,,"AWARD WINNER, MUSICAL",,,1,1,3.00,true,Format: DVD
BROKEBACK MOUNTAIN,,,AWARD WINNER,,,1,1,3.00,true,Format: DVD
BROTHERHOOD OF THE WOLF - FRENCH,,,INTERNATIONAL,,,1,1,3.00,true,Format: DVD
BROTHERS WARNER THE,,,DOCUMENTARY,,,1,1,3.00,true,Format: DVD | Keywords: FILM
BROWNING VERSION THE,,,CRITERION,,,1,1,3.00,true,Format: DVD
BRUTE FORCE,,,CRITERION,,,1,1,3.00,true,Format: DVD
BURDEN OF DREAMS,,,CRITERION,,,1,1,3.00,true,Format: DVD
BURMESE HARP THE - JAPANESE,,,"CRITERION, INTERNATIONAL",,,1,1,3.00,true,Format: DVD
BURNT BY THE SUN - RUSSIAN,,,"AWARD WINNER, INTERNATIONAL",,,1,1,3.00,true,Format: DVD
"BUSTER KEATON COLLECTION VOL 2, THE",,,,,,1,1,3.00,true,Format: BLU-RAY
BUTCH CASSIDY AND THE SUNDANCE KID,,,WESTERN,,,1,1,3.00,true,Format: DVD
BUTTERFIELD 8,,,AWARD WINNER,,,1,1,3.00,true,Format: DVD
BY BRAKHAGE: AN ANTHOLOGY VOL 1,,,CRITERION,,,1,1,3.00,true,Format: DVD
BY BRAKHAGE: AN ANTHOLOGY VOL 2,,,CRITERION,,,1,1,3.00,true,Format: DVD
CABARET,,,"AWARD WINNER, MUSICAL",,,1,1,3.00,true,Format: DVD
CABINET OF DR. CALIGARI THE,,,,,,1,1,3.00,true,Format: BLU-RAY
CAESAR AND CLEOPATRA,,,"ECLIPSE, CRITERION",,,1,1,3.00,true,Format: DVD
CAFE AU LAIT - FRENCH,,,INTERNATIONAL,,,1,1,3.00,true,Format: DVD
CALVAIRE - FRENCH,,,INTERNATIONAL,,,1,1,3.00,true,Format: DVD
CANTERBURY TALES THE - ITALIAN,,,"CRITERION, INTERNATIONAL",,,1,1,3.00,true,Format: DVD
CAPOTE,,,AWARD WINNER,,,1,1,3.00,true,Format: DVD
CAPRICIOUS SUMMER / JOKE THE,,,"ECLIPSE, CRITERION",,,1,1,3.00,true,Format: DVD
CARLOS,,,CRITERION,,,1,1,3.00,true,Format: DVD
CARNAGE,,,COMEDY,,,1,1,3.00,true,Format: DVD
CARNIVAL OF SOULS,,,CRITERION,,,1,1,3.00,true,Format: DVD
CAROLE LOMBARD: GLAMOUR COLLECTION,,,CLASSIC,,,1,1,3.00,true,Format: DVD
CARTESIUS - ITALIAN,,,"ECLIPSE, CRITERION, INTERNATIONAL",,,1,1,3.00,true,Format: DVD
CASABLANCA,,,"AWARD WINNER, CLASSIC",,,1,1,3.00,true,Format: DVD
CASANOVA BROWN,,,CLASSIC,,,1,1,3.00,true,Format: DVD
CASQUE D'OR - FRENCH,,,"CRITERION, INTERNATIONAL",,,1,1,3.00,true,Format: DVD
CASTLE IN THE SKY,,,"MIYAZAKI, STUDIO, STUDIO GHIBLI",,,1,1,3.00,true,Format: DVD
CAT IN PARIS A - FRENCH / ENGLISH,,,INTERNATIONAL,,,1,1,3.00,true,Format: DVD
CATHERINE DENEUVE: MANON 70 / LE CHOC / LE SAUVAGE / HOTEL DES MERIQUES / FORT SAGANNE - FRENCH,,,INTERNATIONAL,,,1,1,3.00,true,Format: DVD
CERTAIN WOMEN,,,CRITERION,,,1,1,3.00,true,Format: DVD
CERTIFIED COPY,,,CRITERION,,,1,1,3.00,true,Format: DVD
CHAINS - ITALIAN,,,"ECLIPSE, CRITERION, INTERNATIONAL",,,1,1,3.00,true,Format: DVD
CHANGE OF PLANS - FRENCH,,,INTERNATIONAL,,,1,1,3.00,true,Format: DVD
CHANGING TIMES - FRENCH,,,INTERNATIONAL,,,1,1,3.00,true,Format: DVD
CHAOS - FRENCH,,,INTERNATIONAL,,,1,1,3.00,true,Format: DVD
CHARACTER - DUTCH,,,"AWARD WINNER, INTERNATIONAL",,,1,1,3.00,true,Format: DVD
CHARADE,,,CRITERION,,,1,1,3.00,true,Format: DVD
CHARLIE AND THE CHOCOLATE FACTORY / WILLY WONKA & THE CHOCOLATE FACTORY,,,FAMILY,,,1,1,3.00,true,Format: BLU-RAY
CHARLY,,,AWARD WINNER,,,1,1,3.00,true,Format: DVD
CHARULATA - BENGALI,,,"CRITERION, INTERNATIONAL",,,1,1,3.00,true,Format: DVD
CHASING AMY,,,CRITERION,,,1,1,3.00,true,Format: DVD
CHE - SPANISH,,,"CRITERION, INTERNATIONAL",,,1,1,3.00,true,Format: DVD
CHEF,,,,,,1,1,3.00,true,Format: BLU-RAY
CHILDREN ARE WATCHING US THE - ITALIAN,,,"CRITERION, INTERNATIONAL",,,1,1,3.00,true,Format: DVD
CHILDREN OF PARADISE - FRENCH,,,"CRITERION, INTERNATIONAL",,,1,1,3.00,true,Format: DVD
CHILDREN OF THE CENTURY - FRENCH,,,INTERNATIONAL,,,1,1,3.00,true,Format: DVD
CHIMES AT MIDNIGHT,,,CRITERION,,,1,1,3.00,true,Format: DVD
CHINATOWN,,,"AWARD WINNER, FILM NOIR",,,1,1,3.00,true,Format: DVD
CHINESE PUZZLE - FRENCH,,,INTERNATIONAL,,,1,1,3.00,true,Format: DVD
CHOCOLAT - FRENCH,,,INTERNATIONAL,,,1,1,3.00,true,Format: DVD
CHRISTMAS TALE A - FRENCH,,,"CRITERION, INTERNATIONAL",,,1,1,3.00,true,Format: DVD | Keywords: HOLIDAY
CHRONICLE OF A SUMMER - FRENCH,,,"CRITERION, INTERNATIONAL",,,1,1,3.00,true,Format: DVD
CHUCK JONES COLLECTION,,,"CARTOONS, FAMILY",,,1,1,3.00,true,Format: DVD
CITIZEN KANE,,,"AWARD WINNER, CLASSIC",,,1,1,3.00,true,Format: DVD
CITIZENFOUR,,,"AWARD WINNER, DOCUMENTARY",,,1,1,3.00,true,Format: BLU-RAY
CITY LIGHTS,,,CLASSIC,,,1,1,3.00,true,Format: DVD
CITY OF LOST CHILDREN THE - FRENCH,,,INTERNATIONAL,,,1,1,3.00,true,Format: DVD
CLASS THE - FRENCH,,,"AWARD WINNER, INTERNATIONAL",,,1,1,3.00,true,Format: DVD
"CLEAN, SHAVEN",,,CRITERION,,,1,1,3.00,true,Format: DVD
CLOCKWORK ORANGE A,,,CULT CLASSICS,,,1,1,3.00,true,Format: DVD | Keywords: KUBRICK
CLOSE-UP - PERSIAN,,,"CRITERION, INTERNATIONAL",,,1,1,3.00,true,Format: DVD
CLOSET THE - FRENCH,,,INTERNATIONAL,,,1,1,3.00,true,Format: DVD
CLUE,,,CULT CLASSICS,,,1,1,3.00,true,Format: DVD
COAL MINER'S DAUGHTER,,,AWARD WINNER,,,1,1,3.00,true,Format: DVD
COCO BEFORE CHANEL - FRENCH,,,INTERNATIONAL,,,1,1,3.00,true,Format: DVD
COCO CHANEL & IGOR STRAVINSKY - FRENCH,,,INTERNATIONAL,,,1,1,3.00,true,Format: DVD
CODE THE - FRENCH,,,INTERNATIONAL,,,1,1,3.00,true,Format: DVD
CODE UNKNOWN - FRENCH,,,INTERNATIONAL,,,1,1,3.00,true,Format: DVD
COLOR OF MONEY THE,,,AWARD WINNER,,,1,1,3.00,true,Format: DVD
COLOSSAL YOUTH - PORTUGESE,,,"CRITERION, INTERNATIONAL",,,1,1,3.00,true,Format: DVD
COLT IS MY PASSPORT A - JAPANESE,,,"ECLIPSE, CRITERION, INTERNATIONAL",,,1,1,3.00,true,Format: DVD
COME BACK LITTLE SHEBA,,,AWARD WINNER,,,1,1,3.00,true,Format: DVD
COME ON CHILDREN,,,"ECLIPSE, CRITERION",,,1,1,3.00,true,Format: DVD
COMEDY OF INNOCENCE - FRENCH,,,INTERNATIONAL,,,1,1,3.00,true,Format: DVD
COMING HOME,,,AWARD WINNER,,,1,1,3.00,true,Format: DVD
COMPLETE JEAN VIGO THE - FRENCH,,,"CRITERION, INTERNATIONAL",,,1,1,3.00,true,Format: DVD
CONQUEST THE - FRENCH,,,INTERNATIONAL,,,1,1,3.00,true,Format: DVD
CONSTANT FORGE A,,,CRITERION,,,1,1,3.00,true,Format: DVD
CONTEMPT (LES MEPRIS) - FRENCH,,,"CRITERION, INTERNATIONAL",,,1,1,3.00,true,Format: DVD
CONVERSATION THE,,,AWARD WINNER,,,1,1,3.00,true,Format: DVD
COOL HAND LUKE,,,CLASSIC,,,1,1,3.00,true,Format: DVD
COOL HAND LUKE,,,,,,1,1,3.00,true,Format: 4K-ULTRA
CORRIDORS OF BLOOD / HAUNTED STRANGLER THE,,,CRITERION,,,1,1,3.00,true,Format: DVD
COTE D'AZUR - FRENCH,,,INTERNATIONAL,,,1,1,3.00,true,Format: DVD
COUNTERFEITERS THE - GERMANY / FRENCH,,,"AWARD WINNER, INTERNATIONAL",,,1,1,3.00,true,Format: DVD
COUP DE GRACE - GERMAN,,,"CRITERION, INTERNATIONAL",,,1,1,3.00,true,Format: DVD
COUP DE TORCHON - FRENCH,,,"CRITERION, INTERNATIONAL",,,1,1,3.00,true,Format: DVD
CRANES ARE FLYING THE - RUSSIAN,,,"AWARD WINNER, INTERNATIONAL",,,1,1,3.00,true,Format: DVD
CRASH (2004),2004,,AWARD WINNER,,,1,1,3.00,true,Format: DVD
CRASH (2004),2004,,,,,1,1,3.00,true,Format: BLU-RAY
CRAZED FRUIT - JAPANESE,,,"CRITERION, INTERNATIONAL",,,1,1,3.00,true,Format: DVD
CRAZY - FRENCH,,,INTERNATIONAL,,,1,1,3.00,true,Format: DVD
CRAZY HEART,,,AWARD WINNER,,,1,1,3.00,true,Format: BLU-RAY
CRAZY STRANGER THE - FRENCH,,,INTERNATIONAL,,,1,1,3.00,true,Format: DVD
CREEZY(LA RACE DE SEIGNEURS) - FRENCH,,,INTERNATIONAL,,,1,1,3.00,true,Format: DVD
CRIA CUERVOS - SPANISH,,,"CRITERION, INTERNATIONAL",,,1,1,3.00,true,Format: DVD
CRIES AND WHISPERS - SWEDISH,,,"CRITERION, INTERNATIONAL",,,1,1,3.00,true,Format: DVD
CRIMSON RIVERS THE - FRENCH,,,INTERNATIONAL,,,1,1,3.00,true,Format: DVD
CRIMSON RIVERS: ANGELS OF APOCALYPSE - FRENCH,,,INTERNATIONAL,,,1,1,3.00,true,Format: DVD
CRISIS - SWEDISH,,,"ECLIPSE, CRITERION, INTERNATIONAL",,,1,1,3.00,true,Format: DVD
CRONOS - SPANISH,,,"CRITERION, INTERNATIONAL",,,1,1,3.00,true,Format: DVD
CROOK THE - FRENCH,,,INTERNATIONAL,,,1,1,3.00,true,Format: DVD
CRUEL GUN STORY - JAPANESE,,,"ECLIPSE, CRITERION, INTERNATIONAL",,,1,1,3.00,true,Format: DVD
CRUMB,,,CRITERION,,,1,1,3.00,true,Format: DVD
CRUSADES THE,,,CLASSIC,,,1,1,3.00,true,Format: DVD
CUL-DE-SAC,,,CRITERION,,,1,1,3.00,true,Format: DVD
CURE,,,,,,1,1,3.00,true,Format: BLU-RAY
CURIOUS CASE OF BENJAMIN BUTTON THE,,,CRITERION,,,1,1,3.00,true,Format: DVD
CYRANO DE BERGERAC - FRENCH,,,INTERNATIONAL,,,1,1,3.00,true,Format: DVD
DADDY NOSTALGIA - FRENCH,,,INTERNATIONAL,,,1,1,3.00,true,Format: DVD
DAISIES / REPORT ON THE PARTY AND GUESTS,,,"ECLIPSE, CRITERION",,,1,1,3.00,true,Format: DVD
DALLAS BUYERS CLUB,,,AWARD WINNER,,,1,1,3.00,true,Format: BLU-RAY
DANCER IN THE DARK,,,AWARD WINNER,,,1,1,3.00,true,Format: DVD
DANIELLA BY NIGHT - FRENCH,,,INTERNATIONAL,,,1,1,3.00,true,Format: DVD
DANS PARIS - FRENCH,,,INTERNATIONAL,,,1,1,3.00,true,Format: DVD
DANTE 01 - FRENCH,,,INTERNATIONAL,,,1,1,3.00,true,Format: DVD
DANTON - FRENCH,,,"CRITERION, INTERNATIONAL",,,1,1,3.00,true,Format: DVD
DARJEELING LIMITED THE,,,CRITERION,,,1,1,3.00,true,Format: BLU-RAY
DARKEST HOUR,,,AWARD WINNER,,,1,1,3.00,true,Format: DVD
DARLING,,,AWARD WINNER,,,1,1,3.00,true,Format: DVD
DAVID LYNCH: THE ART LIFE,,,CRITERION,,,1,1,3.00,true,Format: DVD
DAY FOR NIGHT - FRENCH,,,"AWARD WINNER, INTERNATIONAL",,,1,1,3.00,true,Format: DVD
DAY IN THE COUNTRY A - FRENCH,,,"CRITERION, INTERNATIONAL",,,1,1,3.00,true,Format: DVD
DAY OF WRATH - DANISH,,,"CRITERION, INTERNATIONAL",,,1,1,3.00,true,Format: DVD
DAYS OF GLORY (INDIGENES) - FRENCH,,,INTERNATIONAL,,,1,1,3.00,true,Format: DVD
DAYS OF HEAVEN,,,CRITERION,,,1,1,3.00,true,Format: DVD
DAYTIME DRINKING - KOREAN,,,INTERNATIONAL,,,1,1,3.00,true,Format: DVD
DAZED AND CONFUSED,,,CRITERION,,,1,1,3.00,true,Format: DVD
DC LEAGUE OF SUPER PETS,,,,,,1,1,3.00,true,Format: BLU-RAY
DEAD TIRED - FRENCH,,,INTERNATIONAL,,,1,1,3.00,true,Format: DVD
DEATH OF A CYCLIST - SPANISH,,,"CRITERION, INTERNATIONAL",,,1,1,3.00,true,Format: DVD
DECAMERON THE,,,CRITERION,,,1,1,3.00,true,Format: DVD
DECLINE OF THE AMERICAN EMPIRE - FRENCH,,,INTERNATIONAL,,,1,1,3.00,true,Format: DVD
DEEP IN THE WOODS - FRENCH,,,INTERNATIONAL,,,1,1,3.00,true,Format: DVD
DEER HUNTER THE,,,AWARD WINNER,,,1,1,3.00,true,Format: DVD
DELICATESSEN - FRENCH,,,INTERNATIONAL,,,1,1,3.00,true,Format: DVD
DEMONLOVER - FRENCH,,,INTERNATIONAL,,,1,1,3.00,true,Format: DVD
DESIGN FOR LIVING,,,CRITERION,,,1,1,3.00,true,Format: DVD
DESIRE - FRENCH,,,"ECLIPSE, CRITERION, INTERNATIONAL",,,1,1,3.00,true,Format: DVD
DEVIL AND DANIEL WEBSTER THE,,,CRITERION,,,1,1,3.00,true,Format: DVD
DHEEPAN - TAMIL / FRENCH,,,"AWARD WINNER, CRITERION, INTERNATIONAL",,,1,1,3.00,true,Format: DVD
DIABOLIQUE - FRENCH,,,"CRITERION, INTERNATIONAL",,,1,1,3.00,true,Format: DVD
DIARY OF A CHAMBERMAID,,,CRITERION,,,1,1,3.00,true,Format: DVD
DIARY OF A COUNTRY PRIEST - FRENCH,,,"CRITERION, INTERNATIONAL",,,1,1,3.00,true,Format: DVD
DIARY OF A WIMPY KID: RODRICK RULES,,,,,,1,1,3.00,true,Format: BLU-RAY
DILLINGER IS DEAD - ITALIAN,,,"CRITERION, INTERNATIONAL",,,1,1,3.00,true,Format: DVD
DINNER GAME THE - FRENCH,,,INTERNATIONAL,,,1,1,3.00,true,Format: DVD
DISCREET CHARM OF THE BOURGEOISIE - FRENCH / SPANISH,,,"AWARD WINNER, CRITERION, INTERNATIONAL",,,1,1,3.00,true,Format: DVD
DIVA - FRENCH,,,INTERNATIONAL,,,1,1,3.00,true,Format: DVD
DIVING BELL AND THE BUTTERFLY - FRENCH,,,"AWARD WINNER, INTERNATIONAL",,,1,1,3.00,true,Format: DVD
DIVORCE ITALIAN STYLE - ITALIAN,,,"CRITERION, INTERNATIONAL",,,1,1,3.00,true,Format: DVD
DO THE RIGHT THING,,,CRITERION,,,1,1,3.00,true,Format: DVD
DODES'KA-DEN - JAPANESE,,,"CRITERION, INTERNATIONAL",,,1,1,3.00,true,Format: DVD
DON JUAN - FRENCH,,,INTERNATIONAL,,,1,1,3.00,true,Format: DVD
DON'T LOOK BACK - FRENCH,,,INTERNATIONAL,,,1,1,3.00,true,Format: DVD
DOUBLE LIFE A,,,AWARD WINNER,,,1,1,3.00,true,Format: DVD
DOUBLE LIFE OF VERONIQUE - POLISH / FRENCH,,,"CRITERION, INTERNATIONAL",,,1,1,3.00,true,Format: DVD
DOUBLE LOVER - FRENCH,,,INTERNATIONAL,,,1,1,3.00,true,Format: DVD
DOUBLE SUICIDE - JAPANESE X2,,,"CRITERION, INTERNATIONAL",,,1,1,3.00,true,Format: DVD
DOUBT,,,"CRITICS' CHOICE, DRAMA",,,1,1,3.00,true,Format: DVD
DOWN BY LAW,,,CRITERION,,,1,1,3.00,true,Format: DVD
DOWNHILL RACER,,,CRITERION,,,1,1,3.00,true,Format: DVD
DR JEKYLL & MR HYDE - SILENT,,,,,,1,1,3.00,true,Format: DVD | Keywords: KENWORTHY
DR. STRANGELOVE,,,CULT CLASSICS,,,1,1,3.00,true,Format: DVD | Keywords: KUBRICK
DRIVE HE SAID / A SAFE PLACE,,,CRITERION,,,1,1,3.00,true,Format: DVD
DRIVE-IN MOVIE CLASSICS DISCS 1-4,,,CULT CLASSICS,,,1,1,3.00,true,Format: DVD
DRIVE-IN MOVIE CLASSICS DISCS 5-8,,,CULT CLASSICS,,,1,1,3.00,true,Format: DVD
DRIVE-IN MOVIE CLASSICS DISCS 9-12,,,CULT CLASSICS,,,1,1,3.00,true,Format: DVD
DUPLICITY,,,DRAMA,,,1,1,3.00,true,Format: DVD
DYING AT GRACE,,,"ECLIPSE, CRITERION",,,1,1,3.00,true,Format: DVD
E.T. THE EXTRA-TERRESTRIAL,,,FAMILY,,,1,1,3.00,true,Format: BLU-RAY
E.T. THE EXTRA-TERRESTRIAL,,,,,,1,1,3.00,true,Format: 4K-ULTRA
EARLY SUMMER - JAPANESE,,,"CRITERION, INTERNATIONAL",,,1,1,3.00,true,Format: DVD
EARRINGS OF MADAME DE... - FRENCH,,,"CRITERION, INTERNATIONAL",,,1,1,3.00,true,Format: DVD
EAST/ WEST - FRENCH,,,INTERNATIONAL,,,1,1,3.00,true,Format: DVD
EASY RIDER,,,CRITERION,,,1,1,3.00,true,Format: DVD
EATING RAOUL,,,CRITERION,,,1,1,3.00,true,Format: DVD
EIGHT BELOW,,,,,,1,1,3.00,true,Format: BLU-RAY
ELEMENT OF CRIME THE,,,CRITERION,,,1,1,3.00,true,Format: DVD
ELENA AND HER MEN - FRENCH,,,"CRITERION, INTERNATIONAL",,,1,1,3.00,true,Format: DVD
ELEVATOR TO THE GALLOWS - FRENCH,,,"CRITERION, INTERNATIONAL",,,1,1,3.00,true,Format: DVD
ELF,,,FAMILY,,,1,1,3.00,true,Format: BLU-RAY | Keywords: HOLIDAY
ELLE - FRENCH,,,INTERNATIONAL,,,1,1,3.00,true,Format: DVD
ELLES - FRENCH,,,INTERNATIONAL,,,1,1,3.00,true,Format: DVD
ELMER GANTRY,,,AWARD WINNER,,,1,1,3.00,true,Format: DVD
EMIGRANTS THE / NEW LAND THE - SWEDISH,,,"CRITERION, INTERNATIONAL",,,1,1,3.00,true,Format: DVD
EMPIRE OF PASSION - JAPANESE,,,"CRITERION, INTERNATIONAL",,,1,1,3.00,true,Format: DVD
EMPIRE OF THE SUN,,,,,,1,1,3.00,true,Format: DVD
ENGLISH PATIENT THE,,,AWARD WINNER,,,1,1,3.00,true,Format: DVD
EQUINOX,,,CRITERION,,,1,1,3.00,true,Format: DVD
ERIN BROCKOVICH,,,AWARD WINNER,,,1,1,3.00,true,Format: DVD
EUROPA  - GERMAN / ENGLISH,,,"CRITERION, INTERNATIONAL",,,1,1,3.00,true,Format: DVD
EVERLASTING MOMENTS - SWEDISH,,,"CRITERION, INTERNATIONAL",,,1,1,3.00,true,Format: DVD
EVERY MAN FOR HIMSELF - FRENCH,,,"CRITERION, INTERNATIONAL",,,1,1,3.00,true,Format: DVD
EXILES - FRENCH,,,INTERNATIONAL,,,1,1,3.00,true,Format: DVD
EXTERMINATING ANGEL THE - SPANISH,,,"CRITERION, INTERNATIONAL",,,1,1,3.00,true,Format: DVD
EXTRAORDINARY ADVENTURES OF ADELE BLANC-SEC - FRENCH,,,INTERNATIONAL,,,1,1,3.00,true,Format: DVD
EYES WITHOUT A FACE,,,CRITERION,,,1,1,3.00,true,Format: BLU-RAY
F IS FOR FAKE,,,CRITERION,,,1,1,3.00,true,Format: DVD
FACE OF ANOTHER THE - JAPANESE,,,"CRITERION, INTERNATIONAL",,,1,1,3.00,true,Format: DVD
FACE/OFF,,,,,,1,1,3.00,true,Format: 4K-ULTRA
FACES,,,CRITERION,,,1,1,3.00,true,Format: DVD
FAHRENHEIT 9/11,,,"AWARD WINNER, DOCUMENTARY",,,1,1,3.00,true,Format: DVD
FALLEN IDOL,,,CRITERION,,,1,1,3.00,true,Format: DVD
FANFAN LA TULIPE - FRENCH,,,"CRITERION, INTERNATIONAL",,,1,1,3.00,true,Format: DVD
FANNY & ALEXANDER - SWEDISH,,,"AWARD WINNER, CRITERION, INTERNATIONAL",,,1,1,3.00,true,Format: DVD
FANNY & ALEXANDER (TELEVISION VERSION) - SWEDISH,,,"CRITERION, INTERNATIONAL",,,1,1,3.00,true,Format: DVD
FANTASIA/FANTASIA 2000,,,FAMILY,,,1,1,3.00,true,Format: BLU-RAY
FANTASTIC BEASTS: THE CRIMES OF GRINDELWALD,,,SCI-FI/FANTASY,,,1,1,3.00,true,Format: BLU-RAY
FANTASTIC MR. FOX,,,CRITICS' CHOICE,,,1,1,3.00,true,Format: BLU-RAY | Keywords: WES ANDERSON
FANTASTIC WOMAN A - SPANISH,,,"AWARD WINNER, INTERNATIONAL",,,1,1,3.00,true,Format: BLU-RAY
FAR FROM MEN,,,DRAMA,,,1,1,3.00,true,Format: DVD
FAR SIDE OF THE MOON - FRENCH,,,INTERNATIONAL,,,1,1,3.00,true,Format: DVD
FAREWELL MY QUEEN - FRENCH,,,INTERNATIONAL,,,1,1,3.00,true,Format: DVD
FASSBINDER'S BRD TRILOGY: THE SUPPLEMENTS,,,CRITERION,,,1,1,3.00,true,Format: DVD
FAT GIRL - FRENCH,,,"CRITERION, INTERNATIONAL",,,1,1,3.00,true,Format: DVD
FATHER OF MY CHILDREN THE - FRENCH,,,INTERNATIONAL,,,1,1,3.00,true,Format: DVD
FAUST - GERMAN,,,"CLASSIC, INTERNATIONAL",,,1,1,3.00,true,Format: DVD
FAVOURITE THE,,,AWARD WINNER,,,1,1,3.00,true,Format: DVD
FEARS OF THE DARK - FRENCH,,,INTERNATIONAL,,,1,1,3.00,true,Format: DVD
FIDO,,,CULT CLASSICS,,,1,1,3.00,true,Format: DVD
FIEND WITHOUT A FACE,,,CRITERION,,,1,1,3.00,true,Format: DVD
FIGHT CLUB,,,CULT CLASSICS,,,1,1,3.00,true,Format: DVD
FIGHTING ELEGY - JAPANESE,,,"CRITERION, INTERNATIONAL",,,1,1,3.00,true,Format: DVD
FIRE WITHIN THE - FRENCH,,,"CRITERION, INTERNATIONAL",,,1,1,3.00,true,Format: DVD
FIREMEN'S BALL THE - CZECH,,,"CRITERION, INTERNATIONAL",,,1,1,3.00,true,Format: DVD
FIRES ON THE PLAIN - JAPANESE,,,"CRITERION, INTERNATIONAL",,,1,1,3.00,true,Format: DVD
FISH TANK,,,CRITERION,,,1,1,3.00,true,Format: DVD
FISHING WITH JOHN,,,CRITERION,,,1,1,3.00,true,Format: DVD
FISTS IN THE POCKET - ITALIAN,,,"CRITERION, INTERNATIONAL",,,1,1,3.00,true,Format: DVD
FIVE EASY PIECES,,,"CRITERION, ECLIPSE",,,1,1,3.00,true,Format: DVD
FIVE EASY PIECES,,,CRITERION,,,1,1,3.00,true,
FLINTSTONES THE: SEASON 1,,,"CARTOONS, FAMILY, STUDIO",,,1,1,3.00,true,Format: DVD
FLOWER OF EVIL THE - FRENCH,,,INTERNATIONAL,,,1,1,3.00,true,Format: DVD
FLOWERS OF ST. FRANCIS - ITALIAN,,,"CRITERION, INTERNATIONAL",,,1,1,3.00,true,Format: DVD
FLUNKY WORK HARD / NO BLOOD RELATION,,,"ECLIPSE, CRITERION",,,1,1,3.00,true,Format: DVD
FOG OF WAR THE,,,"AWARD WINNER, DOCUMENTARY",,,1,1,3.00,true,Format: DVD
FOLLOWING,,,CRITERION,,,1,1,3.00,true,Format: DVD
FOOD FOR CHANGE: THE STORY OF COOPERATION IN AMERICA,,,DOCUMENTARY,,,1,1,3.00,true,Format: DVD | Keywords: FOOD
FOR ALL MANKIND,,,CRITERION,,,1,1,3.00,true,Format: DVD
FORBIDDEN GAMES - FRENCH,,,"AWARD WINNER, CRITERION, INTERNATIONAL",,,1,1,3.00,true,Format: DVD
FORBIDDEN HOLLYWOOD: VOLUME 2: DIVORCEE / FREE SOUL / 3 ON A MATCH / FEMALE / NIGHT NURSE,,,CLASSIC,,,1,1,3.00,true,Format: DVD
FORCE MAJEURE - SWEDISH,,,INTERNATIONAL,,,1,1,3.00,true,Format: DVD
FORGIVENESS OF BLOOD THE - ALBANIAN,,,"CRITERION, INTERNATIONAL",,,1,1,3.00,true,Format: DVD
FORREST GUMP,,,AWARD WINNER,,,1,1,3.00,true,Format: DVD
FOUR FEATHERS THE,,,CRITERION,,,1,1,3.00,true,Format: DVD
FOUR LOVERS - FRENCH,,,INTERNATIONAL,,,1,1,3.00,true,Format: DVD
FOX AND HIS FRIENDS - GERMAN,,,"CRITERION, INTERNATIONAL",,,1,1,3.00,true,Format: DVD
FRANCES HA,,,CRITERION,,,1,1,3.00,true,Format: DVD
FREE SOLO,,,"AWARD WINNER, DOCUMENTARY",,,1,1,3.00,true,Format: DVD
FREE WILLY,,,,,,1,1,3.00,true,Format: BLU-RAY
FRENCH CANCAN - FRENCH,,,"CRITERION, INTERNATIONAL",,,1,1,3.00,true,Format: DVD
FRENCH CONNECTION THE,,,AWARD WINNER,,,1,1,3.00,true,Format: DVD
FRENCH GIGOLO A - FRENCH,,,INTERNATIONAL,,,1,1,3.00,true,Format: DVD
FRENCH TWIST - FRENCH,,,INTERNATIONAL,,,1,1,3.00,true,Format: DVD
FRENZY,,,CLASSIC,,,1,1,3.00,true,Format: BLU-RAY | Keywords: HITCHCOCK
FRESH BAIT - FRENCH,,,INTERNATIONAL,,,1,1,3.00,true,Format: DVD
FRIDAY NIGHT - FRENCH,,,INTERNATIONAL,,,1,1,3.00,true,Format: DVD
FRIENDS OF CHABAD,,,,,,1,1,3.00,true,Format: DVD
FRIENDS OF CHABAD,,,,,,1,1,3.00,true,Format: BLU-RAY
FRIENDS OF EDDIE COYLE,,,CRITERION,,,1,1,3.00,true,Format: DVD
FROM UP ON POPPY HILL,,,STUDIO GHIBLI,,,1,1,3.00,true,Format: DVD
FRONCOFONIA - FRENCH,,,INTERNATIONAL,,,1,1,3.00,true,
FRONTIER(S) - FRENCH,,,INTERNATIONAL,,,1,1,3.00,true,Format: DVD
FUGITIVE KIND THE,,,CRITERION,,,1,1,3.00,true,Format: DVD
FURIES THE,,,CRITERION,,,1,1,3.00,true,Format: DVD
GAGARINE,,,,,,1,1,3.00,true,
GALAXY QUEST,,,COMEDY,,,1,1,3.00,true,Format: DVD
GAME THE,,,CRITERION,,,1,1,3.00,true,Format: BLU-RAY
GAMES OF LOVE & CHANCE - FRENCH,,,INTERNATIONAL,,,1,1,3.00,true,Format: DVD
GANDHI,,,AWARD WINNER,,,1,1,3.00,true,Format: DVD
GARDEN OF THE FINZI-CONTINIS - ITALIAN,,,"AWARD WINNER, INTERNATIONAL",,,1,1,3.00,true,Format: DVD
GATE OF FLESH - JAPANESE,,,"CRITERION, INTERNATIONAL",,,1,1,3.00,true,Format: DVD
GAUMONT TREASURES 1 - FRENCH,,,INTERNATIONAL,,,1,1,3.00,true,Format: DVD
GAUMONT TREASURES 2 - FRENCH,,,INTERNATIONAL,,,1,1,3.00,true,Format: DVD
GAUMONT TREASURES 3 - FRENCH,,,INTERNATIONAL,,,1,1,3.00,true,Format: DVD
GENERAL IDI AMIN DADA,,,CRITERION,,,1,1,3.00,true,Format: DVD
GENERAL THE / STEAMBOAT BILL JR,,,CLASSIC,,,1,1,3.00,true,Format: DVD
GENERATION A - POLISH,,,"CRITERION, INTERNATIONAL",,,1,1,3.00,true,Format: DVD
GENOCIDE,,,"ECLIPSE, CRITERION",,,1,1,3.00,true,Format: DVD
GENTLEMAN'S AGREEMENT,,,AWARD WINNER,,,1,1,3.00,true,Format: DVD
GEORGE WASHINGTON,,,CRITERION,,,1,1,3.00,true,Format: DVD
GERMANY YEAR ZERO - GERMAN,,,"CRITERION, INTERNATIONAL",,,1,1,3.00,true,Format: DVD
GERTRUD - DANISH,,,"CRITERION, INTERNATIONAL",,,1,1,3.00,true,Format: DVD
GIANTS THE - FRENCH,,,INTERNATIONAL,,,1,1,3.00,true,Format: DVD
GIGI,,,AWARD WINNER,,,1,1,3.00,true,Format: DVD
GIRL FROM GOD'S COUNTRY A,,,,,,1,1,3.00,true,Format: DVD
GIRL FROM MONACO THE - FRENCH,,,INTERNATIONAL,,,1,1,3.00,true,Format: DVD
GIRL FROM PARIS THE - FRENCH,,,INTERNATIONAL,,,1,1,3.00,true,Format: DVD
GIRL ON THE TRAIN THE - FRENCH,,,INTERNATIONAL,,,1,1,3.00,true,Format: DVD
GIRL WHO KNEW TOO MUCH - ITALIAN,,,"HORROR, INTERNATIONAL",,,1,1,3.00,true,Format: DVD
GIRLS CAN'T SWIM - FRENCH,,,INTERNATIONAL,,,1,1,3.00,true,Format: DVD
GLADIATOR,,,AWARD WINNER,,,1,1,3.00,true,Format: DVD
GOD IS GREAT AND I'M NOT - FRENCH,,,INTERNATIONAL,,,1,1,3.00,true,Format: DVD
GODARD MON AMOUR - FRENCH,,,INTERNATIONAL,,,1,1,3.00,true,Format: DVD
GODFATHER PART 1,,,"AWARD WINNER, CRITICS' CHOICE",,,1,1,3.00,true,Format: DVD
GODFATHER PART 2,,,"AWARD WINNER, CRITICS' CHOICE",,,1,1,3.00,true,Format: DVD
GODFATHER PART 3,,,CRITICS' CHOICE,,,1,1,3.00,true,Format: DVD
GODS AND MONSTERS,,,AWARD WINNER,,,1,1,3.00,true,Format: DVD
GODS OF THE PLAGUE - GERMAN,,,"ECLIPSE, CRITERION, INTERNATIONAL",,,1,1,3.00,true,Format: DVD
GOKE BODY SNATCHER FROM HELL,,,"ECLIPSE, CRITERION",,,1,1,3.00,true,Format: DVD
GOLD RUSH THE,,,CRITERION,,,1,1,3.00,true,Format: BLU-RAY
GOLDEN AGE OF TELEVISION THE,,,CRITERION,,,1,1,3.00,true,Format: DVD
GOLDEN COACH THE,,,CRITERION,,,1,1,3.00,true,Format: DVD
GOMORRAH - ITALIAN,,,"CRITERION, INTERNATIONAL",,,1,1,3.00,true,Format: DVD
GONE WITH THE WIND,,,"AWARD WINNER, CLASSIC",,,1,1,3.00,true,Format: BLU-RAY
GOOD EARTH THE,,,AWARD WINNER,,,1,1,3.00,true,Format: DVD
GOOD MORNING - JAPENESE,,,"CRITERION, INTERNATIONAL",,,1,1,3.00,true,Format: DVD
GOODBYE FIRST LOVE - FRENCH,,,INTERNATIONAL,,,1,1,3.00,true,Format: DVD
GOODBYE GIRL THE,,,AWARD WINNER,,,1,1,3.00,true,Format: DVD
GOONIES THE,,,FAMILY,,,1,1,3.00,true,Format: DVD
GRADUATE THE,,,AWARD WINNER,,,1,1,3.00,true,Format: DVD
GRAND BUDAPEST HOTEL,,,CRITICS' CHOICE,,,1,1,3.00,true,Format: BLU-RAY | Keywords: WES ANDERSON
GRAND ILLUSION - FRENCH,,,"CRITERION, INTERNATIONAL",,,1,1,3.00,true,Format: DVD
GRAND ROLE THE - FRENCH,,,INTERNATIONAL,,,1,1,3.00,true,Format: DVD
GRAND SONS - FRENCH,,,INTERNATIONAL,,,1,1,3.00,true,Format: DVD
GRAPES OF WRATH THE,,,"AWARD WINNER, CLASSIC",,,1,1,3.00,true,Format: DVD
GRAVE OF THE FIREFLIES,,,STUDIO GHIBLI,,,1,1,3.00,true,Format: DVD
GRAVITY,,,AWARD WINNER,,,1,1,3.00,true,Format: BLU-RAY
GRAY'S ANATOMY,,,CRITERION,,,1,1,3.00,true,Format: DVD
GREASE,,,MUSICAL,,,1,1,3.00,true,Format: DVD
GREAT BEAUTY THE - ITALIAN,,,"AWARD WINNER, CRITERION, INTERNATIONAL",,,1,1,3.00,true,Format: DVD
GREAT DICTATOR THE,,,CRITERION,,,1,1,3.00,true,Format: DVD
GREAT EXPECTATIONS,,,CRITERION,,,1,1,3.00,true,Format: DVD
GREAT WALL THE,,,ACTION,,,1,1,3.00,true,Format: DVD
GREATEST SHOW ON EARTH,,,AWARD WINNER,,,1,1,3.00,true,Format: DVD
GREEN FOR DANGER,,,CRITERION,,,1,1,3.00,true,Format: DVD
GREY GARDENS,,,CRITERION,,,1,1,3.00,true,Format: DVD
GROOM LAKE,,,,,,1,1,3.00,true,Format: DVD
GUESS WHO'S COMING TO DINNER,,,AWARD WINNER,,,1,1,3.00,true,Format: DVD
HANDS OVER THE CITY - ITALIAN,,,"CRITERION, INTERNATIONAL",,,1,1,3.00,true,Format: DVD
HANGOVER THE,,,,,,1,1,3.00,true,Format: BLU-RAY
HAPPENSTANCE - FRENCH,,,INTERNATIONAL,,,1,1,3.00,true,Format: DVD
HAPPY FEET,,,,,,1,1,3.00,true,Format: BLU-RAY
HAPPY FEET TWO,,,FAMILY,,,1,1,3.00,true,Format: BLU-RAY
HARAKIRI (1962) - JAPANESE,1962,,"CRITERION, INTERNATIONAL",,,1,1,3.00,true,Format: BLU-RAY
HARD DAY'S NIGHT A,,,,,,1,1,3.00,true,Format: 4K-ULTRA
HARDER THEY COME THE,,,CRITERION,,,1,1,3.00,true,Format: DVD
HARLAN COUNTY USA,,,"AWARD WINNER, CRITERION",,,1,1,3.00,true,Format: DVD
HARRY AND TONTO,,,AWARD WINNER,,,1,1,3.00,true,Format: DVD
HARRY POTTER 1: SORCEROR'S STONE,,,SCI-FI/FANTASY,,,1,1,3.00,true,Format: BLU-RAY
HARRY POTTER 2: CHAMBER OF SECRETS,,,SCI-FI/FANTASY,,,1,1,3.00,true,Format: BLU-RAY
HARRY POTTER 3: PRISONER OF AZKABAN,,,SCI-FI/FANTASY,,,1,1,3.00,true,Format: BLU-RAY
HARRY POTTER 3: PRISONER OF AZKABAN,,,,,,1,1,3.00,true,Format: DVD
HARRY POTTER 4: GOBLET OF FIRE,,,SCI-FI/FANTASY,,,1,1,3.00,true,Format: BLU-RAY
HARRY POTTER 5: ORDER OF THE PHOENIX,,,SCI-FI/FANTASY,,,1,1,3.00,true,Format: BLU-RAY
HARRY POTTER 6: HALF BLOOD PRINCE,,,SCI-FI/FANTASY,,,1,1,3.00,true,Format: BLU-RAY
HARRY POTTER 7: DEATHLY HALLOWS PART 1,,,SCI-FI/FANTASY,,,1,1,3.00,true,Format: BLU-RAY
HARRY POTTER 7: DEATHLY HALLOWS PART 2,,,SCI-FI/FANTASY,,,1,1,3.00,true,Format: BLU-RAY
HAXAN - SWEDISH,,,"CRITERION, INTERNATIONAL",,,1,1,3.00,true,Format: DVD
HE LOVES ME HE LOVES ME NOT - FRENCH,,,INTERNATIONAL,,,1,1,3.00,true,Format: DVD
HEAD,,,CRITERION,,,1,1,3.00,true,Format: DVD
HEARTBEAT DETECTOR - FRENCH,,,INTERNATIONAL,,,1,1,3.00,true,Format: DVD
HEARTBEATS - FRENCH,,,INTERNATIONAL,,,1,1,3.00,true,Format: DVD
HEARTBREAKER - FRENCH,,,INTERNATIONAL,,,1,1,3.00,true,Format: DVD
HEAVEN CAN WAIT (1943),1943,,CRITERION,,,1,1,3.00,true,Format: DVD
HEAVEN'S GATE,,,CRITERION,,,1,1,3.00,true,Format: DVD
HEDGEHOG THE - FRENCH,,,INTERNATIONAL,,,1,1,3.00,true,Format: DVD
HEIRESS THE,,,AWARD WINNER,,,1,1,3.00,true,Format: DVD
HER NAME IS SABINE - FRENCH,,,INTERNATIONAL,,,1,1,3.00,true,Format: DVD
HIGH LANE - FRENCH,,,INTERNATIONAL,,,1,1,3.00,true,Format: DVD
HIGH NOON,,,"AWARD WINNER, WESTERN",,,1,1,3.00,true,Format: DVD
HIGH NOON (2000),2000,,AWARD WINNER,,,1,1,3.00,true,Format: DVD
HIGH SOCIETY,,,,,,1,1,3.00,true,Format: DVD
HIGH TENSION - FRENCH,,,INTERNATIONAL,,,1,1,3.00,true,Format: DVD
HIROSHI TESHIGAHARA: THE SUPPLEMENTS - JAPANESE,,,"CRITERION, INTERNATIONAL",,,1,1,3.00,true,Format: DVD
HIT THE,,,CRITERION,,,1,1,3.00,true,Format: DVD
HOBSON'S CHOICE,,,CRITERION,,,1,1,3.00,true,Format: DVD
HOLY MOTORS - FRENCH,,,INTERNATIONAL,,,1,1,3.00,true,Format: DVD
HOMICIDE,,,CRITERION,,,1,1,3.00,true,Format: DVD
HONEYMOON KILLERS THE,,,CRITERION,,,1,1,3.00,true,Format: DVD
HOODWINKED TOO! HOOD VS EVIL,,,,,,1,1,3.00,true,Format: BLU-RAY
HOOP DREAMS,,,CRITERION,,,1,1,3.00,true,Format: DVD
HOPSCOTCH,,,CRITERION,,,1,1,3.00,true,Format: DVD
HORDE THE - FRENCH,,,INTERNATIONAL,,,1,1,3.00,true,Format: DVD
HORSE'S MOUTH THE,,,CRITERION,,,1,1,3.00,true,Format: DVD
HORSEMAN ON THE ROOF - FRENCH,,,INTERNATIONAL,,,1,1,3.00,true,Format: DVD
HOTEL AMERICA / I DON'T KISS / MY FAVORITE SEASON / WILD REEDS - FRENCH,,,INTERNATIONAL,,,1,1,3.00,true,Format: DVD
"HOTTEST STATE, THE",,,DRAMA,,,1,1,3.00,true,Format: DVD
HOURS THE,,,AWARD WINNER,,,1,1,3.00,true,Format: DVD
HOUSE OF GAMES,,,CRITERION,,,1,1,3.00,true,Format: DVD
HOUSEKEEPER THE - FRENCH,,,INTERNATIONAL,,,1,1,3.00,true,Format: DVD
HOW GREEN WAS MY VALLEY,,,AWARD WINNER,,,1,1,3.00,true,Format: DVD
HOWARDS END,,,AWARD WINNER,,,1,1,3.00,true,Format: DVD
HOWL,,,CRITICS' CHOICE,,,1,1,3.00,true,Format: DVD
HOWL'S MOVING CASLTLE,,,"MIYAZAKI, STUDIO GHIBLI",,,1,1,3.00,true,Format: DVD
HUD,,,AWARD WINNER,,,1,1,3.00,true,Format: DVD
HUGO,,,FAMILY,,,1,1,3.00,true,Format: DVD
HUMAN RESOURCES - FRENCH,,,INTERNATIONAL,,,1,1,3.00,true,Format: DVD
HUMORESQUE,,,CLASSIC,,,1,1,3.00,true,Format: DVD
HUNGER,,,CRITERION,,,1,1,3.00,true,Format: DVD
HUNGER GAMES THE,,,,,,1,1,3.00,true,Format: BLU-RAY
HURT LOCKER,,,AWARD WINNER,,,1,1,3.00,true,Format: BLU-RAY
HURT LOCKER,,,AWARD WINNER,,,1,1,3.00,true,Format: DVD
I AM A PROMISE,,,AWARD WINNER,,,1,1,3.00,true,Format: DVD
I AM CURIOUS (BLUE) - SWEDISH,,,"CRITERION, INTERNATIONAL",,,1,1,3.00,true,Format: DVD
I AM CURIOUS (YELLOW) - SWEDISH,,,"CRITERION, INTERNATIONAL",,,1,1,3.00,true,Format: DVD
I AM WAITING - JAPANESE,,,"ECLIPSE, CRITERION, INTERNATIONAL",,,1,1,3.00,true,Format: DVD
I DANIEL BLAKE,,,"AWARD WINNER, CRITERION",,,1,1,3.00,true,Format: DVD
I FIDANZATI - ITALIAN,,,"CRITERION, INTERNATIONAL",,,1,1,3.00,true,Format: DVD
I HATE BUT LOVE,,,"ECLIPSE, CRITERION",,,1,1,3.00,true,Format: DVD
I KILLED MY MOTHER - FRENCH,,,INTERNATIONAL,,,1,1,3.00,true,Format: DVD
I KNOW WHERE I'M GOING!,,,CRITERION,,,1,1,3.00,true,Format: DVD
I SHOT JESSE JAMES,,,"ECLIPSE, CRITERION",,,1,1,3.00,true,Format: DVD
I WANT TO LIVE!,,,AWARD WINNER,,,1,1,3.00,true,Format: DVD
I WAS BORN BUT...,,,"ECLIPSE, CRITERION",,,1,1,3.00,true,Format: DVD
I'M GOING HOME - FRENCH,,,INTERNATIONAL,,,1,1,3.00,true,Format: DVD
I'VE LOVED YOU SO LONG - FRENCH,,,INTERNATIONAL,,,1,1,3.00,true,Format: DVD
ICE RINK THE - FRENCH,,,INTERNATIONAL,,,1,1,3.00,true,Format: DVD
ICE STORM THE,,,CRITERION,,,1,1,3.00,true,Format: DVD
ICI ET AILLEURS - FRENCH,,,INTERNATIONAL,,,1,1,3.00,true,Format: DVD
IDENTIFICATION OF A WOMAN - ITALIAN,,,"CRITERION, INTERNATIONAL",,,1,1,3.00,true,Format: DVD
IF YOU DON'T I WILL - FRENCH,,,INTERNATIONAL,,,1,1,3.00,true,Format: DVD
IF....,,,"AWARD WINNER, CRITERION",,,1,1,3.00,true,Format: DVD
IL POSTO - ITALIAN,,,"CRITERION, INTERNATIONAL",,,1,1,3.00,true,Format: DVD
IL SORPASSO - ITALIAN,,,"CRITERION, INTERNATIONAL",,,1,1,3.00,true,Format: DVD
ILLUMINATION PRESENTS 3 MOVIE COLLECTION,,,CARTOONS,,,1,1,3.00,true,Format: DVD
IMMORTAL STORY THE,,,CRITERION,,,1,1,3.00,true,Format: DVD
IN A BETTER WORLD - DANISH,,,"AWARD WINNER, INTERNATIONAL",,,1,1,3.00,true,Format: BLU-RAY
IN OLD ARIZONA,,,AWARD WINNER,,,1,1,3.00,true,Format: DVD
IN THE MOOD FOR LOVE - CANTONESE,,,"CRITERION, INTERNATIONAL",,,1,1,3.00,true,Format: DVD
IN THE REALM OF THE SENSES - JAPANESE,,,"CRITERION, INTERNATIONAL",,,1,1,3.00,true,Format: DVD
IN VANDA'S ROOM - PORTUGESE,,,"CRITERION, INTERNATIONAL",,,1,1,3.00,true,
IN WHICH WE SERVE,,,CRITERION,,,1,1,3.00,true,Format: DVD
INCENDIES - FRENCH,,,INTERNATIONAL,,,1,1,3.00,true,Format: DVD
INCONVENIENT TRUTH AN,,,"AWARD WINNER, DOCUMENTARY",,,1,1,3.00,true,Format: DVD
INDIANA JONES: RAIDERS OF THE LOST ARK,,,ACTION,,,1,1,3.00,true,Format: BLU-RAY
INDISCRETION OF AN AMERICAN WIFE & TERMINAL STATION,,,CRITERION,,,1,1,3.00,true,Format: DVD
INDOCHINE - FRENCH,,,"AWARD WINNER, INTERNATIONAL",,,1,1,3.00,true,Format: DVD
INEQUALITY FOR ALL,,,DOCUMENTARY,,,1,1,3.00,true,Format: DVD
INFORMER THE,,,AWARD WINNER,,,1,1,3.00,true,Format: DVD
INFORMER THE,,,,,,1,1,3.00,true,Format: BLU-RAY
INGMAR BERGMAN MAKES A MOVIE - SWEDISH,,,"CRITERION, INTERNATIONAL",,,1,1,3.00,true,Format: DVD
INNOCENCE UNPROTECT - SERBO-CROATION,,,"ECLIPSE, CRITERION, INTERNATIONAL",,,1,1,3.00,true,Format: DVD
INSECT WOMAN THE - JAPANESE,,,"CRITERION, INTERNATIONAL",,,1,1,3.00,true,Format: DVD
INSIDE (FRENCH) - FRENCH,,,INTERNATIONAL,,,1,1,3.00,true,Format: DVD
INSIDE JOB,,,"AWARD WINNER, DOCUMENTARY",,,1,1,3.00,true,Format: DVD
INSIDE OUT,,,"FAMILY, STUDIO",,,1,1,3.00,true,Format: BLU-RAY
INSIGNIFICANCE,,,CRITERION,,,1,1,3.00,true,Format: DVD
INSPECTOR BELLAMY - FRENCH,,,INTERNATIONAL,,,1,1,3.00,true,Format: DVD
INTENTIONS OF MURDER - JAPANESE,,,"CRITERION, INTERNATIONAL",,,1,1,3.00,true,Format: DVD
INTIMATE STRANGERS - FRENCH,,,INTERNATIONAL,,,1,1,3.00,true,Format: DVD
INTIMIDATION,,,"ECLIPSE, CRITERION",,,1,1,3.00,true,Format: DVD
INTO THE ARMS OF STRANGERS: STORIES OF THE KINDERTRANSPORT,,,"AWARD WINNER, DOCUMENTARY",,,1,1,3.00,true,Format: DVD
INTOLERANCE,,,CLASSIC,,,1,1,3.00,true,Format: DVD
INTOUCHABLES THE - FRENCH,,,INTERNATIONAL,,,1,1,3.00,true,Format: DVD
IRON LADY THE,,,AWARD WINNER,,,1,1,3.00,true,Format: DVD
IRREVERSIBLE - FRENCH,,,INTERNATIONAL,,,1,1,3.00,true,Format: DVD
ISLAND OF LOST SOULS,,,CRITERION,,,1,1,3.00,true,Format: BLU-RAY
ISLE OF DOGS,,,CRITICS' CHOICE,,,1,1,3.00,true,Format: DVD | Keywords: WES ANDERSON
ISMAEL'S GHOSTS - FRENCH,,,INTERNATIONAL,,,1,1,3.00,true,Format: DVD
IT HAPPENED ONE NIGHT,,,"AWARD WINNER, CLASSIC",,,1,1,3.00,true,Format: DVD
IT'S A GIFT,,,CLASSIC,,,1,1,3.00,true,Format: DVD
IT'S A GREAT FEELING,,,CLASSIC,,,1,1,3.00,true,Format: DVD
IT'S A WONDERFUL LIFE x2,,,CLASSIC,,,1,1,3.00,true,Format: DVD | Keywords: HOLIDAY
IT'S EASIER FOR A CAMEL - FRENCH,,,INTERNATIONAL,,,1,1,3.00,true,Format: DVD
IVAN THE TERRIBLE - RUSSIAN,,,"CRITERION, INTERNATIONAL",,,1,1,3.00,true,Format: DVD
JACKASS 3 UNRATED,,,,,,1,1,3.00,true,Format: DVD
JACKASS 3 UNRATED,,,,,,1,1,3.00,true,Format: BLU-RAY
JAPANESE GIRLS AT THE HARBOR - SILENT / JAPANESE,,,"ECLIPSE, CRITERION, INTERNATIONAL",,,1,1,3.00,true,Format: DVD
JAPANESE SUMMER: DOUBLE SUICIDE - JAPANESE,,,"ECLIPSE, CRITERION, INTERNATIONAL",,,1,1,3.00,true,Format: DVD
JAWS,,,HORROR,,,1,1,3.00,true,Format: DVD
JAZZ SINGER THE (1927),1927,,"CLASSIC, MUSICAL",,,1,1,3.00,true,Format: DVD
JE TU IL ELLE - FRENCH,,,"ECLIPSE, CRITERION, INTERNATIONAL",,,1,1,3.00,true,Format: DVD
JEAN DE FLORETTE/MANON OF THE SPRING - FRENCH,,,INTERNATIONAL,,,1,1,3.00,true,Format: DVD
JEAN RENOIR: WHIRLPOOL OF FATE / CHARLESTON PARADE / DOCTOR'S HORRIBLE EXPERIMENT THE - FRENCH,,,INTERNATIONAL,,,1,1,3.00,true,Format: DVD
JELLYFISH EYES - JAPANESE,,,"CRITERION, INTERNATIONAL",,,1,1,3.00,true,Format: DVD
JET LAG - FRENCH,,,INTERNATIONAL,,,1,1,3.00,true,Format: DVD
JETSONS: SEASON 1,,,"CARTOONS, FAMILY, STUDIO",,,1,1,3.00,true,Format: DVD
JEZEBEL,,,AWARD WINNER,,,1,1,3.00,true,Format: DVD
JIGOKU - JAPANESE,,,"CRITERION, INTERNATIONAL",,,1,1,3.00,true,Format: DVD
JIMI PLAYS MONTEREY / SHAKE! OTIS AT MONTEREY,,,CRITERION,,,1,1,3.00,true,Format: DVD
JOAN THE MAID - FRENCH,,,INTERNATIONAL,,,1,1,3.00,true,Format: DVD
JOHNNY BELINDA,,,AWARD WINNER,,,1,1,3.00,true,Format: DVD
JOURNEY TO THE CENTER OF THE EARTH,,,FAMILY,,,1,1,3.00,true,Format: DVD
JOY HOUSE - FRENCH,,,INTERNATIONAL,,,1,1,3.00,true,Format: DVD
JOYEUX NOEL - FRENCH,,,INTERNATIONAL,,,1,1,3.00,true,Format: DVD
JUBILEE,,,CRITERION,,,1,1,3.00,true,Format: DVD
JUDGMENT AT NUREMBERG,,,AWARD WINNER,,,1,1,3.00,true,Format: DVD
JULES AND JIM - FRENCH,,,"CRITERION, INTERNATIONAL",,,1,1,3.00,true,Format: DVD
JULIET OF THE SPIRITS - ITALIAN,,,"CRITERION, INTERNATIONAL",,,1,1,3.00,true,Format: DVD
JUMANJI,,,"COMEDY, FAMILY",,,1,1,3.00,true,Format: BLU-RAY
KANAL - POLISH,,,"CRITERION, INTERNATIONAL",,,1,1,3.00,true,Format: DVD
KATZELMACHER - GERMAN,,,"ECLIPSE, CRITERION, INTERNATIONAL",,,1,1,3.00,true,Format: DVD
KEDI,,,DOCUMENTARY,,,1,1,3.00,true,Format: DVD
KENJI MIZOGUCHI: LIFE OF A FILM DIRECTOR - JAPANESE,,,"CRITERION, INTERNATIONAL",,,1,1,3.00,true,Format: DVD
KES,,,CRITERION,,,1,1,3.00,true,Format: DVD
KID WITH A BIKE THE - FRENCH,,,"CRITERION, INTERNATIONAL",,,1,1,3.00,true,Format: DVD
KIKI'S DELIVERY SERVICE,,,"MIYAZAKI, STUDIO, STUDIO GHIBLI",,,1,1,3.00,true,Format: DVD
KILL BABY...KILL! - ITALIAN,,,"HORROR, INTERNATIONAL",,,1,1,3.00,true,Format: DVD
KILL! - JAPANESE,,,"CRITERION, INTERNATIONAL",,,1,1,3.00,true,Format: DVD
KILLERS THE,,,CRITERION,,,1,1,3.00,true,Format: DVD
KILLING OF A CHINESE BOOKIE,,,CRITERION,,,1,1,3.00,true,Format: DVD
KILLING THE,,,CRITERION,,,1,1,3.00,true,Format: BLU-RAY
KIND HEARTS AND CORONETS,,,CRITERION,,,1,1,3.00,true,Format: DVD
KING AND I THE (1956),1956,,AWARD WINNER,,,1,1,3.00,true,Format: DVD
KING KONG (1933) x2,1933,,CLASSIC,,,1,1,3.00,true,Format: BLU-RAY
KING OF MARVIN GARDENS THE,,,CRITERION,,,1,1,3.00,true,Format: DVD
KING OF THE HILL,,,CRITERION,,,1,1,3.00,true,Format: DVD
KING'S SPEECH THE,,,AWARD WINNER,,,1,1,3.00,true,Format: BLU-RAY
KIRIKOU AND THE SORCERESS - FRENCH,,,INTERNATIONAL,,,1,1,3.00,true,Format: DVD
KISS ME DEADLY,,,CRITERION,,,1,1,3.00,true,Format: BLU-RAY
KISS OF THE SPIDER WOMAN,,,AWARD WINNER,,,1,1,3.00,true,Format: DVD
KLUTE,,,AWARD WINNER,,,1,1,3.00,true,Format: DVD
KNIFE + HEART - FRENCH,,,INTERNATIONAL,,,1,1,3.00,true,Format: DVD
KNIFE IN THE WATER - POLISH,,,"CRITERION, INTERNATIONAL",,,1,1,3.00,true,Format: DVD
KOKO: A TALKING GORILLA,,,CRITERION,,,1,1,3.00,true,Format: DVD
KOLYA - CZECH,,,"AWARD WINNER, INTERNATIONAL",,,1,1,3.00,true,Format: DVD
KON TIKI (1951),1951,,"AWARD WINNER, DOCUMENTARY",,,1,1,3.00,true,Format: DVD
KRAMER VS. KRAMER,,,AWARD WINNER,,,1,1,3.00,true,Format: DVD
KUNG FU PANDA 2,,,,,,1,1,3.00,true,Format: DVD
KURONEKO - JAPANESE,,,"CRITERION, INTERNATIONAL",,,1,1,3.00,true,Format: DVD
KWAIDAN - JAPANESE,,,"CRITERION, INTERNATIONAL",,,1,1,3.00,true,Format: DVD
L'AGE D'OR - FRENCH,,,INTERNATIONAL,,,1,1,3.00,true,Format: DVD
L'AMOUR FOU - FRENCH,,,INTERNATIONAL,,,1,1,3.00,true,Format: DVD
L'ARGENT - FRENCH,,,"CRITERION, INTERNATIONAL",,,1,1,3.00,true,Format: DVD
L'AUBERGE ESPAGNOLE - FRENCH,,,INTERNATIONAL,,,1,1,3.00,true,Format: DVD
L'AVVENTURA - ITALIAN,,,"CRITERION, INTERNATIONAL",,,1,1,3.00,true,Format: DVD
L'ECLISSE - ITALIAN,,,"CRITERION, INTERNATIONAL",,,1,1,3.00,true,Format: DVD
L'ENFANCE NUE - FRENCH,,,"CRITERION, INTERNATIONAL",,,1,1,3.00,true,Format: DVD
L'ENFANT - FRENCH,,,"AWARD WINNER, INTERNATIONAL",,,1,1,3.00,true,Format: DVD
L'ENFER - FRENCH,,,INTERNATIONAL,,,1,1,3.00,true,Format: DVD
LA BETE HUMAINE - FRENCH,,,"CRITERION, INTERNATIONAL",,,1,1,3.00,true,Format: DVD
LA CAGE AUX FOLLES - FRENCH,,,INTERNATIONAL,,,1,1,3.00,true,Format: DVD
LA CAGE AUX FOLLES II - FRENCH,,,INTERNATIONAL,,,1,1,3.00,true,Format: DVD
LA CIENAGA - SPANISH,,,"CRITERION, INTERNATIONAL",,,1,1,3.00,true,Format: DVD
LA COMMARE SECCA (GRIM REAPER) - ITALIAN,,,"CRITERION, INTERNATIONAL",,,1,1,3.00,true,Format: DVD
LA FEMME NIKITA - FRENCH,,,INTERNATIONAL,,,1,1,3.00,true,Format: DVD
LA JETEE / SANS SOLEI - FRENCH / ENGLISH,,,"CRITERION, INTERNATIONAL",,,1,1,3.00,true,Format: DVD
LA LA LAND,,,AWARD WINNER,,,1,1,3.00,true,Format: BLU-RAY
LA PROMESSE - FRENCH,,,"CRITERION, INTERNATIONAL",,,1,1,3.00,true,Format: DVD
LA RONDE - FRENCH,,,"CRITERION, INTERNATIONAL",,,1,1,3.00,true,Format: DVD
LA STRADA - ITALIAN,,,"AWARD WINNER, CRITERION, INTERNATIONAL",,,1,1,3.00,true,Format: DVD
LACOMBE LUCIEN - FRENCH,,,"CRITERION, INTERNATIONAL",,,1,1,3.00,true,Format: DVD
LADY AND THE DUKE THE - FRENCH,,,INTERNATIONAL,,,1,1,3.00,true,Format: DVD
LADY CHATTERLEY - FRENCH,,,INTERNATIONAL,,,1,1,3.00,true,Format: DVD
"LADY DETECTIVES: BORDERLINE & NANCY DREW, REPORTER",,,CLASSIC,,,1,1,3.00,true,Format: DVD
LAND BEFORE TIME THE,,,FAMILY,,,1,1,3.00,true,Format: DVD
LAST KING OF SCOTLAND,,,AWARD WINNER,,,1,1,3.00,true,Format: DVD
LAST METRO THE - FRENCH,,,"CRITERION, INTERNATIONAL",,,1,1,3.00,true,Format: DVD
LAST PICTURE SHOW THE,,,CRITERION,,,1,1,3.00,true,Format: DVD
LAST TEMPTATION OF CHRIST THE,,,CRITERION,,,1,1,3.00,true,Format: DVD
LAST WAVE THE,,,CRITERION,,,1,1,3.00,true,Format: DVD
LAST YEAR AT MARIENBAD - FRENCH,,,"CRITERION, INTERNATIONAL",,,1,1,3.00,true,Format: DVD
LATE SPRING,,,CRITERION,,,1,1,3.00,true,Format: DVD
LAURENCE ANYWAYS - FRENCH,,,INTERNATIONAL,,,1,1,3.00,true,Format: DVD
LAWRENCE OF ARABIA,,,"AWARD WINNER, CLASSIC",,,1,1,3.00,true,Format: DVD
LE AMCHIE - ITALIAN,,,"CRITERION, INTERNATIONAL",,,1,1,3.00,true,Format: DVD
LE BEAU SERGE - FRENCH,,,"CRITERION, INTERNATIONAL",,,1,1,3.00,true,Format: DVD
LE CERCLE ROUGE - FRENCH,,,"CRITERION, INTERNATIONAL",,,1,1,3.00,true,Format: DVD
LE CHEF - FRENCH,,,INTERNATIONAL,,,1,1,3.00,true,Format: DVD
LE CIEL EST A VOUS - FRENCH,,,"ECLIPSE, CRITERION, INTERNATIONAL",,,1,1,3.00,true,Format: DVD
LE CORBEAU - FRENCH,,,"CRITERION, INTERNATIONAL",,,1,1,3.00,true,Format: DVD
LE DEUXIEME SOUFFLE - FRENCH,,,"CRITERION, INTERNATIONAL",,,1,1,3.00,true,Format: DVD
LE DOULOS - FRENCH,,,"CRITERION, INTERNATIONAL",,,1,1,3.00,true,Format: DVD
LE HAVRE - FRENCH,,,"CRITERION, INTERNATIONAL",,,1,1,3.00,true,Format: DVD
LE MILLION - FRENCH,,,"CRITERION, INTERNATIONAL",,,1,1,3.00,true,Format: DVD
LE NOTTI BIANCHE - ITALIAN,,,"CRITERION, INTERNATIONAL",,,1,1,3.00,true,Format: DVD
LE PLAISIR - FRENCH,,,"CRITERION, INTERNATIONAL",,,1,1,3.00,true,Format: DVD
LE SAMOURAI - FRENCH,,,"CRITERION, INTERNATIONAL",,,1,1,3.00,true,Format: DVD
LE SILENCE DE LA MER - FRENCH / GERMAN,,,"CRITERION, INTERNATIONAL",,,1,1,3.00,true,Format: DVD
LE TROU - FRENCH,,,"CRITERION, INTERNATIONAL",,,1,1,3.00,true,Format: DVD
LEAGUE OF GENTLEMEN THE,,,"ECLIPSE, CRITERION",,,1,1,3.00,true,Format: DVD
LEAGUE OF THEIR OWN A,,,DRAMEDY,,,1,1,3.00,true,Format: DVD
LEAVING - FRENCH,,,INTERNATIONAL,,,1,1,3.00,true,Format: DVD
LEAVING LAS VEGAS,,,AWARD WINNER,,,1,1,3.00,true,Format: DVD
LEGO BATMAN MOVIE THE,,,,,,1,1,3.00,true,Format: BLU-RAY
LEGO MOVIE THE,,,FAMILY,,,1,1,3.00,true,Format: BLU-RAY
LEGO NINJAGO MOVIE THE,,,,,,1,1,3.00,true,Format: BLU-RAY
LEMMING - FRENCH,,,INTERNATIONAL,,,1,1,3.00,true,Format: DVD
LENINGRAD COWBOYS GO AMERICA,,,"ECLIPSE, CRITERION",,,1,1,3.00,true,Format: DVD
LENINGRAD COWBOYS MEETS MOSES,,,"ECLIPSE, CRITERION",,,1,1,3.00,true,Format: DVD
LEOLO - FRENCH,,,INTERNATIONAL,,,1,1,3.00,true,Format: DVD
LEON MORIN PRIEST - FRENCH,,,"CRITERION, INTERNATIONAL",,,1,1,3.00,true,Format: DVD
LES BONNES FEMMES - FRENCH,,,INTERNATIONAL,,,1,1,3.00,true,Format: DVD
LES CHORISTES - FRENCH,,,INTERNATIONAL,,,1,1,3.00,true,Format: DVD
LES COUSINS - FRENCH,,,"CRITERION, INTERNATIONAL",,,1,1,3.00,true,Format: DVD
LES DAMES DU BOIS DE BOULOGNE - FRENCH,,,"CRITERION, INTERNATIONAL",,,1,1,3.00,true,Format: DVD
LES DESTINEES - FRENCH,,,INTERNATIONAL,,,1,1,3.00,true,Format: DVD
LES ENFANTS TERRIBLES - FRENCH,,,"CRITERION, INTERNATIONAL",,,1,1,3.00,true,Format: DVD
LES RENDEZ-VOUS D'ANNA - FRENCH,,,"ECLIPSE, CRITERION, INTERNATIONAL",,,1,1,3.00,true,Format: DVD
LES SALADES DE L'AMOUR: THE SUPPLEMENTS - FRENCH,,,"CRITERION, INTERNATIONAL",,,1,1,3.00,true,Format: DVD
LET IT RAIN - FRENCH,,,INTERNATIONAL,,,1,1,3.00,true,Format: DVD
LET MY PEOPLE GO - FRENCH,,,INTERNATIONAL,,,1,1,3.00,true,Format: DVD
LETTER NEVER SENT - RUSSIAN,,,"CRITERION, INTERNATIONAL",,,1,1,3.00,true,Format: DVD
LETTER TO THREE WIVES A,,,AWARD WINNER,,,1,1,3.00,true,Format: DVD
LIFE AQUATIC WITH STEVE ZISSOU THE X2,,,CRITERION,,,1,1,3.00,true,Format: DVD | Keywords: WES ANDERSON
LIFE DURING WARTIME,,,CRITERION,,,1,1,3.00,true,Format: DVD
LIFE IS BEAUTIFUL - ITALIAN,,,"AWARD WINNER, INTERNATIONAL",,,1,1,3.00,true,Format: DVD
LIFE IS SWEET,,,CRITERION,,,1,1,3.00,true,Format: DVD
LIFE OF OHARU THE - JAPANESE,,,"CRITERION, INTERNATIONAL",,,1,1,3.00,true,Format: DVD
LIFE OF PI,,,AWARD WINNER,,,1,1,3.00,true,Format: BLU-RAY
LIFE OF RILEY - FRENCH,,,INTERNATIONAL,,,1,1,3.00,true,Format: DVD
LION KING THE,,,"FAMILY, STUDIO",,,1,1,3.00,true,Format: BLU-RAY
LITTLE GIANTS,,,FAMILY,,,1,1,3.00,true,Format: DVD
LITTLE PRINCESS A / THE SECRET GARDEN,,,,,,1,1,3.00,true,Format: DVD
LITTLE SHOP OF HORRORS (1960),1960,,CULT CLASSICS,,,1,1,3.00,true,Format: DVD
LITTLE SHOP OF HORRORS (1986),1986,,"CULT CLASSICS, MUSICAL",,,1,1,3.00,true,Format: DVD
LIVES OF OTHERS THE - GERMAN,,,"AWARD WINNER, INTERNATIONAL",,,1,1,3.00,true,Format: DVD
LIVING SKELETON THE - JAPANESE,,,"ECLIPSE, CRITERION, INTERNATIONAL",,,1,1,3.00,true,Format: DVD
LOLA - GERMAN,,,"CRITERION, INTERNATIONAL",,,1,1,3.00,true,Format: DVD
LOLA MONTES - FRENCH,,,"CRITERION, INTERNATIONAL",,,1,1,3.00,true,Format: DVD
LONE WOLF AND CUB - JAPANESE,,,"CRITERION, INTERNATIONAL",,,1,1,3.00,true,Format: DVD
LONESOME,,,CRITERION,,,1,1,3.00,true,Format: DVD
LONG WAY HOME THE,,,"AWARD WINNER, DOCUMENTARY",,,1,1,3.00,true,Format: DVD
LOOK AT ME - FRENCH,,,INTERNATIONAL,,,1,1,3.00,true,Format: DVD
LOONEY LOONEY LOONEY BUGS BUNNY MOVIE,,,"FAMILY, STUDIO",,,1,1,3.00,true,Format: DVD
LOONEY TUNES GOLDEN,,,"CARTOONS, FAMILY, STUDIO",,,1,1,3.00,true,
LOONEY TUNES GOLDEN,,,"CARTOONS, FAMILY, STUDIO",,,1,1,3.00,true,Format: DVD
LOONEY TUNES GOLDEN COLLECTION,,,"CARTOONS, FAMILY, STUDIO",,,1,1,3.00,true,Format: DVD
LOONEY TUNES GOLDEN COLLECTION VOL 2 DISC 1,,,"CARTOONS, FAMILY, STUDIO",,,1,1,3.00,true,Format: DVD
LOONEY TUNES GOLDEN COLLECTION VOL 2 DISC 2,,,"CARTOONS, FAMILY, STUDIO",,,1,1,3.00,true,Format: DVD
LOONEY TUNES GOLDEN COLLECTION VOL 2 DISC 3,,,"CARTOONS, FAMILY, STUDIO",,,1,1,3.00,true,Format: DVD
LOONEY TUNES GOLDEN COLLECTION VOL 2 DISC 4,,,"CARTOONS, FAMILY, STUDIO",,,1,1,3.00,true,Format: DVD
LOONEY TUNES GOLDEN COLLECTION VOL 3 DISC 1,,,"CARTOONS, FAMILY, STUDIO",,,1,1,3.00,true,Format: DVD
LOONEY TUNES GOLDEN COLLECTION VOL 3 DISC 2,,,"CARTOONS, FAMILY, STUDIO",,,1,1,3.00,true,Format: DVD
LOONEY TUNES GOLDEN COLLECTION VOL 3 DISC 3,,,"CARTOONS, FAMILY, STUDIO",,,1,1,3.00,true,Format: DVD
LOONEY TUNES GOLDEN COLLECTION VOL 3 DISC 4,,,"CARTOONS, FAMILY, STUDIO",,,1,1,3.00,true,Format: DVD
LOONEY TUNES GOLDEN COLLECTION VOL 5 DISC 1/2,,,,,,1,1,3.00,true,Format: DVD
LOONEY TUNES GOLDEN COLLECTION VOL 6 DISC 1/2,,,"CARTOONS, FAMILY, STUDIO",,,1,1,3.00,true,Format: DVD
LOONEY TUNES GOLDEN COLLECTION VOL 6 DISC 3/4,,,"CARTOONS, FAMILY, STUDIO",,,1,1,3.00,true,Format: DVD
LOONEY TUNES SUPERSTARS: FOGHORN LEGHORN & FRIENDS,,,"CARTOONS, FAMILY, STUDIO",,,1,1,3.00,true,Format: DVD
LOONEY TUNES SUPERSTARTS: TWEETY & SYLVESTER,,,"CARTOONS, FAMILY, STUDIO",,,1,1,3.00,true,Format: DVD
LORD OF THE FLIES (1963),1963,,CRITERION,,,1,1,3.00,true,Format: DVD
LORD OF THE RINGS: THE RETURN OF THE KING,,,,,,1,1,3.00,true,Format: BLU-RAY
LORNA'S SILENCE - FRENCH,,,INTERNATIONAL,,,1,1,3.00,true,Format: DVD
LOST HONOR OF KATHARINA BLUM - GERMAN,,,"CRITERION, INTERNATIONAL",,,1,1,3.00,true,Format: DVD
LOST LETTER THE,,,,,,1,1,3.00,true,Format: DVD
LOUIE BLUIE,,,CRITERION,,,1,1,3.00,true,Format: DVD
LOVE AFFAIR OR THE MISSING SWITCHBOARD OPERATOR - SERBO-CROATION,,,"ECLIPSE, CRITERION, INTERNATIONAL",,,1,1,3.00,true,Format: DVD
LOVE BITES - FRENCH,,,INTERNATIONAL,,,1,1,3.00,true,Format: DVD
LOVE CRIME - FRENCH,,,INTERNATIONAL,,,1,1,3.00,true,Format: DVD
LOVE IS COLDER THAN DEATH - GERMAN,,,"ECLIPSE, CRITERION, INTERNATIONAL",,,1,1,3.00,true,Format: DVD
LOVE ME IF YOU DARE - FRENCH,,,INTERNATIONAL,,,1,1,3.00,true,Format: DVD
LOVE ON THE RUN - FRENCH,,,"CRITERION, INTERNATIONAL",,,1,1,3.00,true,Format: DVD
LOVE PARADE THE,,,"ECLIPSE, CRITERION",,,1,1,3.00,true,Format: DVD
LOVERS ON THE BRIDGE - FRENCH,,,INTERNATIONAL,,,1,1,3.00,true,Format: DVD
LOVERS THE - FRENCH,,,"CRITERION, INTERNATIONAL",,,1,1,3.00,true,Format: DVD
LOVES OF A BLONDE,,,CRITERION,,,1,1,3.00,true,Format: DVD
LOWER DEPTHS THE - FRENCH / JAPANESE,,,"CRITERION, INTERNATIONAL",,,1,1,3.00,true,Format: DVD
LUMIERE D'ETE - FRENCH,,,"ECLIPSE, CRITERION, INTERNATIONAL",,,1,1,3.00,true,Format: DVD
LUPINO LANE VOL. 2: DRAMA DELUXE / SUMMER SAPS / SWORD POINTS / FIGHTING DUDE,,,CLASSIC,,,1,1,3.00,true,Format: DVD
M.HULOT'S HOLIDAY - FRENCH,,,"CRITERION, INTERNATIONAL",,,1,1,3.00,true,Format: DVD
MA VIE EN ROSE (MY LIFE IN PINK) - FRENCH,,,INTERNATIONAL,,,1,1,3.00,true,Format: DVD
MAD MAX BEYOND THUNDERDOM,,,,,,1,1,3.00,true,Format: 4K-ULTRA
MADAGASCAR 3: EUROPE'S MOST WANTED,,,,,,1,1,3.00,true,Format: BLU-RAY
MADAME BOVARY - FRENCH,,,INTERNATIONAL,,,1,1,3.00,true,Format: DVD
MADE IN U.S.A. - FRENCH,,,"CRITERION, INTERNATIONAL",,,1,1,3.00,true,Format: DVD
MADEMOISELLE - FRENCH,,,INTERNATIONAL,,,1,1,3.00,true,Format: DVD
MADEMOISELLE CHAMBON - FRENCH,,,INTERNATIONAL,,,1,1,3.00,true,Format: DVD
MADONNA OF THE SEVEN MOONS,,,"ECLIPSE, CRITERION",,,1,1,3.00,true,Format: DVD
MAFIOSO - ITALIAN,,,"CRITERION, INTERNATIONAL",,,1,1,3.00,true,Format: DVD
MAGIC FLUTE THE - SWEDISH,,,"CRITERION, INTERNATIONAL",,,1,1,3.00,true,Format: DVD
MAGNIFICENT OBSESSION,,,CRITERION,,,1,1,3.00,true,Format: DVD
MAIDSTONE,,,"ECLIPSE, CRITERION",,,1,1,3.00,true,Format: DVD
MAITRESSE - FRENCH,,,"CRITERION, INTERNATIONAL",,,1,1,3.00,true,Format: DVD
MAJOR BARBARA,,,"ECLIPSE, CRITERION",,,1,1,3.00,true,Format: DVD
MAJOR LEAGUES,,,,,,1,1,3.00,true,Format: DVD
MAKE WAY FOR TOMORROW,,,CRITERION,,,1,1,3.00,true,Format: DVD
MAKING OF FANNY & ALEXANDER THE - SWEDISH,,,"CRITERION, INTERNATIONAL",,,1,1,3.00,true,Format: DVD
MAKING PLANS FOR LENA - FRENCH,,,INTERNATIONAL,,,1,1,3.00,true,Format: DVD
MAKIOKA SISTERS THE - JAPANESE,,,"CRITERION, INTERNATIONAL",,,1,1,3.00,true,Format: DVD
MALENA - ITALIAN,,,INTERNATIONAL,,,1,1,3.00,true,Format: DVD
MALTESE FALCON THE,,,"CLASSIC, FILM NOIR",,,1,1,3.00,true,Format: DVD
MAMMA MIA!,,,MUSICAL,,,1,1,3.00,true,Format: DVD
MAMMA ROMA - ITALIAN,,,"CRITERION, INTERNATIONAL",,,1,1,3.00,true,Format: DVD
MAN BITES DOG - FRENCH,,,"CRITERION, INTERNATIONAL",,,1,1,3.00,true,Format: DVD
MAN CALLED OVE A - SWEDISH,,,INTERNATIONAL,,,1,1,3.00,true,Format: DVD
MAN ESCAPED A - FRENCH,,,"CRITERION, INTERNATIONAL",,,1,1,3.00,true,Format: DVD
MAN IN GREY THE,,,"ECLIPSE, CRITERION",,,1,1,3.00,true,Format: DVD
MAN IS NOT A BIRD - SERBO-CROATION,,,"ECLIPSE, CRITERION, INTERNATIONAL",,,1,1,3.00,true,Format: DVD
MAN OF MY LIFE THE - FRENCH,,,INTERNATIONAL,,,1,1,3.00,true,Format: DVD
MAN ON THE TRAIN - FRENCH,,,INTERNATIONAL,,,1,1,3.00,true,Format: DVD
MAN ON WIRE,,,"AWARD WINNER, DOCUMENTARY",,,1,1,3.00,true,Format: DVD
MAN WITH THE MOVIE CAMERA,,,,,,1,1,3.00,true,Format: DVD
MANCHESTER BY THE SEA,,,AWARD WINNER,,,1,1,3.00,true,Format: BLU-RAY
MARCH OF THE PENGUINS,,,"AWARD WINNER, DOCUMENTARY",,,1,1,3.00,true,Format: DVD
MARKETA LAZAROVA - CZECH / GERMAN,,,"CRITERION, INTERNATIONAL",,,1,1,3.00,true,Format: DVD
MARRIAGE OF MARIA BRAUN,,,CRITERION,,,1,1,3.00,true,Format: DVD
MARRIED COUPLE A,,,"ECLIPSE, CRITERION",,,1,1,3.00,true,Format: DVD
MARTHA GRAHAM: DANCE ON FILM,,,CRITERION,,,1,1,3.00,true,Format: DVD
MARTY,,,AWARD WINNER,,,1,1,3.00,true,Format: DVD
MARTYRS - FRENCH,,,INTERNATIONAL,,,1,1,3.00,true,
MARY POPPINS,,,"AWARD WINNER, FAMILY, STUDIO",,,1,1,3.00,true,Format: DVD
MASCULIN FEMININ - FRENCH,,,"CRITERION, INTERNATIONAL",,,1,1,3.00,true,Format: DVD
MASH,,,AWARD WINNER,,,1,1,3.00,true,Format: DVD
MASSEURS AND A WOMAN THE - JAPANESE,,,"ECLIPSE, CRITERION, INTERNATIONAL",,,1,1,3.00,true,Format: DVD
MATCH FACTORY GIRL THE,,,"ECLIPSE, CRITERION",,,1,1,3.00,true,Format: DVD
MATTER OF TASTE A - FRENCH,,,INTERNATIONAL,,,1,1,3.00,true,Format: DVD
MCCABE AND MRS.MILLER,,,,,,1,1,3.00,true,Format: BLU-RAY
"MEMBER OF THE WEDDING, THE",,,CLASSIC,,,1,1,3.00,true,Format: DVD
MEMORY FOR MAX CLAIRE IDA AND COMPANY,,,"ECLIPSE, CRITERION",,,1,1,3.00,true,Format: DVD
MEN THE,,,CLASSIC,,,1,1,3.00,true,Format: DVD
MERCHANT OF FOUR SEASONS THE,,,CRITERION,,,1,1,3.00,true,Format: DVD
MERRY CHRISTMAS MR. LAWRENCE - ENGLISH / JAPANESE,,,"CRITERION, INTERNATIONAL",,,1,1,3.00,true,Format: DVD
MESRINE PT 1: KILLER INSTINCT - FRENCH,,,INTERNATIONAL,,,1,1,3.00,true,Format: DVD
MESRINE PT 2: PUBLIC ENEMY #1 - FRENCH,,,INTERNATIONAL,,,1,1,3.00,true,Format: DVD
MET OPERA LIVE: LA BOHEME,,,MUSICAL,,,1,1,3.00,true,Format: DVD | Keywords: OPERA
MET OPERA LIVE: THE OPERA HOUSE,,,"DOCUMENTARY, MUSICAL",,,1,1,3.00,true,Format: BLU-RAY | Keywords: OPERA
METROPOLIS - GERMAN,,,INTERNATIONAL,,,1,1,3.00,true,Format: BLU-RAY
MICMACS - FRENCH,,,INTERNATIONAL,,,1,1,3.00,true,Format: DVD
MICROBE AND GASOLINE - FRENCH,,,INTERNATIONAL,,,1,1,3.00,true,Format: DVD
MIKADO THE,,,CRITERION,,,1,1,3.00,true,Format: DVD
MILDRED PIERCE,,,AWARD WINNER,,,1,1,3.00,true,Format: DVD
MILK,,,AWARD WINNER,,,1,1,3.00,true,Format: DVD
MILKY WAY THE - FRENCH,,,"CRITERION, INTERNATIONAL",,,1,1,3.00,true,Format: DVD
MILLION DOLLAR BABY,,,AWARD WINNER,,,1,1,3.00,true,Format: DVD
MINISTRY OF FEAR,,,CRITERION,,,1,1,3.00,true,Format: DVD
MISERY,,,,,,1,1,3.00,true,Format: BLU-RAY
MISHIMA: A LIFE IN FOUR CHAPTERS - JAPANESE,,,"CRITERION, INTERNATIONAL",,,1,1,3.00,true,Format: DVD
MISSING - SPANISH,,,"AWARD WINNER, CRITERION, INTERNATIONAL",,,1,1,3.00,true,Format: DVD
MISSING IN AMERICA,,,DRAMA,,,1,1,3.00,true,Format: DVD
MISSING PICTURE THE - FRENCH,,,INTERNATIONAL,,,1,1,3.00,true,Format: DVD
MISSISSIPPI MERMAID - FRENCH,,,INTERNATIONAL,,,1,1,3.00,true,Format: DVD
MODEL COUPLE THE - FRENCH,,,"ECLIPSE, CRITERION, INTERNATIONAL",,,1,1,3.00,true,Format: DVD
MODERN TIMES,,,CRITERION,,,1,1,3.00,true,Format: BLU-RAY
MOLIERE - FRENCH,,,INTERNATIONAL,,,1,1,3.00,true,Format: DVD
MOMENT OF TRUTH THE - ITALIAN,,,"CRITERION, INTERNATIONAL",,,1,1,3.00,true,Format: DVD
MOMMY - FRENCH,,,INTERNATIONAL,,,1,1,3.00,true,Format: DVD
MON ONCLE ANTOINE - FRENCH,,,"CRITERION, INTERNATIONAL",,,1,1,3.00,true,Format: DVD
MON UNCLE - FRENCH,,,"AWARD WINNER, INTERNATIONAL",,,1,1,3.00,true,Format: DVD
MONK THE - FRENCH,,,INTERNATIONAL,,,1,1,3.00,true,Format: DVD
MONSIEUR IBRAHIM - FRENCH,,,INTERNATIONAL,,,1,1,3.00,true,Format: DVD
MONSIEUR LAZHAR - FRENCH,,,INTERNATIONAL,,,1,1,3.00,true,Format: DVD
MONSIEUR VINCENT - FRENCH,,,"AWARD WINNER, INTERNATIONAL",,,1,1,3.00,true,Format: DVD
MONSTER,,,AWARD WINNER,,,1,1,3.00,true,Format: DVD
MONSTER'S BALL,,,AWARD WINNER,,,1,1,3.00,true,Format: DVD
MONTE CARLO,,,"ECLIPSE, CRITERION",,,1,1,3.00,true,Format: DVD
MONTEREY POP,,,CRITERION,,,1,1,3.00,true,Format: DVD
MONTY PYTHON AND THE HOLY GRAIL,,,CULT CLASSICS,,,1,1,3.00,true,Format: DVD
MOOD INDIGO - FRENCH,,,INTERNATIONAL,,,1,1,3.00,true,Format: DVD
MOONLIGHT,,,AWARD WINNER,,,1,1,3.00,true,Format: DVD
MOONRISE KINGDOM,,,CRITICS' CHOICE,,,1,1,3.00,true,Format: BLU-RAY | Keywords: WES ANDERSON
MOST DANGEROUS GAME THE,,,CRITERION,,,1,1,3.00,true,Format: DVD
MOTEL HELL,,,,,,1,1,3.00,true,Format: BLU-RAY
MOTORCYCLE DIARIES THE - SPANISH,,,INTERNATIONAL,,,1,1,3.00,true,Format: DVD
MOUCHETTE - FRENCH,,,"CRITERION, INTERNATIONAL",,,1,1,3.00,true,Format: DVD
MOZART'S SISTER - FRENCH,,,INTERNATIONAL,,,1,1,3.00,true,Format: DVD
MR. ARKADIN A.K.A. CONFIDENTIAL REPORT,,,CRITERION,,,1,1,3.00,true,Format: DVD
MR. FREEDOM,,,"ECLIPSE, CRITERION",,,1,1,3.00,true,Format: DVD
MR. SMITH GOES TO WASHINGTON,,,CLASSIC,,,1,1,3.00,true,Format: DVD
MR. THANK YOU - JAPANESE,,,"ECLIPSE, CRITERION, INTERNATIONAL",,,1,1,3.00,true,Format: DVD
MRS. MINIVER,,,"AWARD WINNER, CLASSIC",,,1,1,3.00,true,Format: DVD
MULTIPLE MANIACS,,,CRITERION,,,1,1,3.00,true,Format: DVD
MURIEL: OR THE TIME OF RETURN - FRENCH,,,"CRITERION, INTERNATIONAL",,,1,1,3.00,true,Format: DVD
MURMUR OF THE HEART - FRENCH,,,"CRITERION, INTERNATIONAL",,,1,1,3.00,true,Format: DVD
MUSIC ROOM THE - BENGALI,,,"CRITERION, INTERNATIONAL",,,1,1,3.00,true,Format: DVD
MY DINNER WITH ANDRE,,,CRITERION,,,1,1,3.00,true,Format: DVD
MY FAIR LADY,,,"AWARD WINNER, MUSICAL",,,1,1,3.00,true,Format: DVD
MY FATHER'S GLORY - FRENCH,,,INTERNATIONAL,,,1,1,3.00,true,Format: DVD
MY LIFE AS A DOG - SWEDISH,,,"CRITERION, INTERNATIONAL",,,1,1,3.00,true,Format: DVD
MY LIFE ON ICE - FRENCH,,,INTERNATIONAL,,,1,1,3.00,true,Format: DVD
MY METIER,,,CRITERION,,,1,1,3.00,true,Format: DVD
MY MOTHER'S CASTLE - FRENCH,,,INTERNATIONAL,,,1,1,3.00,true,Format: DVD
MY PIECE OF THE PIE - FRENCH,,,INTERNATIONAL,,,1,1,3.00,true,Format: DVD
MY WIFE IS AN ACTRESS - FRENCH,,,INTERNATIONAL,,,1,1,3.00,true,Format: DVD
MY WINNIPEG,,,CRITERION,,,1,1,3.00,true,Format: DVD
MYSTIC RIVER,,,AWARD WINNER,,,1,1,3.00,true,Format: DVD
NAKED,,,CRITERION,,,1,1,3.00,true,Format: DVD
NAKED CITY-1948,,,CRITERION,,,1,1,3.00,true,Format: DVD
NAKED ISLAND THE - JAPANESE,,,"CRITERION, INTERNATIONAL",,,1,1,3.00,true,Format: DVD
NAKED KISS THE,,,CRITERION,,,1,1,3.00,true,Format: BLU-RAY
NAKED LUNCH,,,CRITERION,,,1,1,3.00,true,Format: DVD
NAKED PREY THE,,,CRITERION,,,1,1,3.00,true,Format: DVD
NANOOK OF THE NORTH,,,CRITERION,,,1,1,3.00,true,Format: DVD
NASHVILLE,,,CRITICS' CHOICE,,,1,1,3.00,true,Format: DVD
NAUSICAA OF THE VALLEY OF THE WIND,,,"STUDIO, STUDIO GHIBLI",,,1,1,3.00,true,Format: DVD
NERVE,,,,,,1,1,3.00,true,Format: BLU-RAY
NETWORK,,,AWARD WINNER,,,1,1,3.00,true,Format: DVD
NEVER ENDING MAN: HAYAO MIYAZAKI,,,STUDIO GHIBLI,,,1,1,3.00,true,Format: BLU-RAY
NEW GIRLFRIEND THE - FRENCH,,,INTERNATIONAL,,,1,1,3.00,true,Format: DVD
NEW YORK FILMS THE: LA CHAMBRE / HOTEL MONTEREY / NEWS FROM HOME - FRENCH,,,"ECLIPSE, CRITERION, INTERNATIONAL",,,1,1,3.00,true,Format: DVD
NIGHT AFTER NIGHT - FRENCH,,,INTERNATIONAL,,,1,1,3.00,true,Format: DVD
NIGHT AND DAY,,,MUSICAL,,,1,1,3.00,true,Format: DVD
NIGHT AND FOG - FRENCH,,,"CRITERION, INTERNATIONAL",,,1,1,3.00,true,Format: DVD
NIGHT AND THE CITY,,,CRITERION,,,1,1,3.00,true,Format: DVD
NIGHT FANGS,,,,,,1,1,3.00,true,Format: DVD
NIGHT OF THE HUNTER THE,,,CRITERION,,,1,1,3.00,true,Format: BLU-RAY
NIGHT ON EARTH,,,CRITERION,,,1,1,3.00,true,Format: DVD
NIGHT PORTER THE,,,CRITERION,,,1,1,3.00,true,Format: DVD
NIGHT TRAIN TO MUNICH,,,CRITERION,,,1,1,3.00,true,Format: DVD
NIGHTS OF CABIRIA - ITALIAN,,,"AWARD WINNER, CRITERION, INTERNATIONAL",,,1,1,3.00,true,Format: DVD
NIGHTFUR,,,,,,1,1,3.00,true,Format: DVD
NO COUNTRY FOR OLD MEN,,,AWARD WINNER,,,1,1,3.00,true,Format: DVD
NO MAN'S LAND (2001) - SERBO-CROATION,2001,,"AWARD WINNER, INTERNATIONAL",,,1,1,3.00,true,Format: DVD
NOBODY'S CHILDREN - ITALIAN,,,"ECLIPSE, CRITERION, INTERNATIONAL",,,1,1,3.00,true,Format: DVD
NORMA RAE,,,AWARD WINNER,,,1,1,3.00,true,Format: DVD
NORTH BY NORTHWEST,,,CLASSIC,,,1,1,3.00,true,Format: BLU-RAY | Keywords: HITCHCOCK
NOSFERATU - 1979 - GERMAN,,,INTERNATIONAL,,,1,1,3.00,true,Format: DVD
NOSFERATU (1922) - GERMAN,1922,,"CRITICS' CHOICE, INTERNATIONAL",,,1,1,3.00,true,Format: BLU-RAY
NOSFERATU (1922) - GERMAN,1922,,"CRITICS' CHOICE, INTERNATIONAL",,,1,1,3.00,true,Format: DVD
NOTRE MUSIQUE - FRENCH,,,INTERNATIONAL,,,1,1,3.00,true,Format: DVD
NOUS LA LIBERTE A - FRENCH,,,"CRITERION, INTERNATIONAL",,,1,1,3.00,true,Format: DVD
NOVO - FRENCH,,,INTERNATIONAL,,,1,1,3.00,true,Format: DVD
NOWHERE IN AFRICA - GERMAN,,,"AWARD WINNER, INTERNATIONAL",,,1,1,3.00,true,Format: DVD
OCEAN'S 11 (1960),1960,,,,,1,1,3.00,true,Format: BLU-RAY
ODONGO,,,CLASSIC,,,1,1,3.00,true,Format: DVD
OF GODS AND MEN - FRENCH,,,INTERNATIONAL,,,1,1,3.00,true,Format: DVD
OF GODS AND MEN - FRENCH,,,INTERNATIONAL,,,1,1,3.00,true,Format: BLU-RAY
OFFICIAL STORY THE - SPANISH,,,"AWARD WINNER, INTERNATIONAL",,,1,1,3.00,true,Format: DVD
OLIVER TWIST (1948),1948,,CRITERION,,,1,1,3.00,true,Format: DVD
OLIVER!,,,AWARD WINNER,,,1,1,3.00,true,Format: DVD
ONE FLEW OVER THE CUKOO'S NEST,,,AWARD WINNER,,,1,1,3.00,true,Format: DVD
ONE HOUR WITH YOU,,,"ECLIPSE, CRITERION",,,1,1,3.00,true,Format: DVD
ONLY SON THE - JAPANESE,,,"CRITERION, INTERNATIONAL",,,1,1,3.00,true,Format: DVD
ORDET - DANISH,,,"CRITERION, INTERNATIONAL",,,1,1,3.00,true,Format: DVD
ORDINARY PEOPLE,,,AWARD WINNER,,,1,1,3.00,true,Format: DVD
ORGANIZER THE - ITALIAN,,,"CRITERION, INTERNATIONAL",,,1,1,3.00,true,Format: DVD
ORNAMENTAL HAIRPIN - JAPANESE,,,"ECLIPSE, CRITERION, INTERNATIONAL",,,1,1,3.00,true,Format: DVD
ORPHEUS - FRENCH,,,"CRITERION, INTERNATIONAL",,,1,1,3.00,true,Format: DVD
OSS 117: CAIRO NEST OF SPIES - FRENCH,,,INTERNATIONAL,,,1,1,3.00,true,Format: DVD
OSS 117: LOST IN RIO - FRENCH,,,INTERNATIONAL,,,1,1,3.00,true,Format: DVD
OSSOS - PORTUGAL,,,"CRITERION, INTERNATIONAL",,,1,1,3.00,true,Format: DVD
OTHER SON THE - FRENCH,,,INTERNATIONAL,,,1,1,3.00,true,Format: DVD
OUR DAILY BREAD,,,CLASSIC,,,1,1,3.00,true,Format: DVD
OUT OF AFRICA,,,AWARD WINNER,,,1,1,3.00,true,Format: DVD
OUTSIDE THE LAW - FRENCH,,,INTERNATIONAL,,,1,1,3.00,true,Format: DVD
"OUTSIDERS, THE",,,"CLASSIC, DRAMA",,,1,1,3.00,true,Format: DVD
OVER YOUR CITIES GRASS WILL GROW - FRENCH,,,INTERNATIONAL,,,1,1,3.00,true,Format: DVD
OVERLORD,,,CRITERION,,,1,1,3.00,true,Format: DVD
PACT OF SILENCE THE - FRENCH,,,INTERNATIONAL,,,1,1,3.00,true,Format: DVD
PADDINGTON 2,,,FAMILY,,,1,1,3.00,true,Format: BLU-RAY
PADRE PADRONE - ITALIAN,,,"AWARD WINNER, INTERNATIONAL",,,1,1,3.00,true,Format: DVD
PAGE TURNER THE - FRENCH,,,INTERNATIONAL,,,1,1,3.00,true,Format: DVD
PAGNOL: THE FANNY TRILOGY - MARIUS / FANNY / CESAR - FRENCH,,,INTERNATIONAL,,,1,1,3.00,true,Format: DVD
PAISAN - ITALIAN / ENGLISH,,,"CRITERION, INTERNATIONAL",,,1,1,3.00,true,Format: DVD
PAL JOEY,,,CLASSIC,,,1,1,3.00,true,Format: DVD
PALE FLOWER - JAPANESE,,,"CRITERION, INTERNATIONAL",,,1,1,3.00,true,Format: DVD
PANDORA'S BOX - SILENT / GERMAN,,,"CRITERION, INTERNATIONAL",,,1,1,3.00,true,Format: DVD
PARANORMAN,,,,,,1,1,3.00,true,Format: BLU-RAY
PARASITE,,,AWARD WINNER,,,1,1,3.00,true,Format: BLU-RAY
PARIS (2010) - FRENCH,2010,,INTERNATIONAL,,,1,1,3.00,true,Format: DVD
PARIS 36 - FRENCH,,,INTERNATIONAL,,,1,1,3.00,true,Format: DVD
PARIS JE T'AIME - FRENCH,,,INTERNATIONAL,,,1,1,3.00,true,Format: DVD
PARK BENCHES - FRENCH,,,INTERNATIONAL,,,1,1,3.00,true,Format: DVD
PASSING FANCY,,,"ECLIPSE, CRITERION",,,1,1,3.00,true,Format: DVD
PASSION OF JOAN OF ARC THE - SILENT / FRENCH,,,"CRITERION, INTERNATIONAL",,,1,1,3.00,true,Format: DVD
PAST THE - FRENCH,,,INTERNATIONAL,,,1,1,3.00,true,Format: BLU-RAY
PATHS OF GLORY,,,CRITERION,,,1,1,3.00,true,Format: BLU-RAY
PATRIOTISM - JAPANESE,,,"CRITERION, INTERNATIONAL",,,1,1,3.00,true,Format: DVD
PAUL ROBESON: CITIZEN OF THE WORLD,,,"ECLIPSE, CRITERION",,,1,1,3.00,true,Format: DVD
PAUL ROBESON: ICON,,,"ECLIPSE, CRITERION",,,1,1,3.00,true,Format: DVD
PAUL ROBESON: OUTSIDER,,,"ECLIPSE, CRITERION",,,1,1,3.00,true,Format: DVD
PAUL ROBESON: PIONEER,,,"ECLIPSE, CRITERION",,,1,1,3.00,true,Format: DVD
PAULINE AT THE BEACH - FRENCH,,,INTERNATIONAL,,,1,1,3.00,true,Format: DVD
PAW PATROL: PUP-TASTIC,,,CARTOONS,,,1,1,3.00,true,Format: DVD
PEANUTS: LUCY & FRIENDS,,,"CARTOONS, FAMILY",,,1,1,3.00,true,Format: DVD
PEARLS OF THE CROWN THE - FRENCH,,,"ECLIPSE, CRITERION, INTERNATIONAL",,,1,1,3.00,true,Format: DVD
PEARLS OF THE DEEP,,,"ECLIPSE, CRITERION",,,1,1,3.00,true,Format: DVD
PEEPING TOM,,,CRITERION,,,1,1,3.00,true,Format: DVD
PENALTY THE,,,CLASSIC,,,1,1,3.00,true,Format: DVD
PEOPLE - FRENCH,,,INTERNATIONAL,,,1,1,3.00,true,Format: DVD
PEOPLE ON SUNDAY - GERMAN,,,"CRITERION, INTERNATIONAL",,,1,1,3.00,true,Format: DVD
PEPE LE MOKO - FRENCH,,,"CRITERION, INTERNATIONAL",,,1,1,3.00,true,Format: DVD
PERFECT LOVE - FRENCH,,,INTERNATIONAL,,,1,1,3.00,true,Format: DVD
PERFECT UNDERSTANDING,,,CLASSIC,,,1,1,3.00,true,Format: DVD
PERSEPOLIS - FRENCH,,,INTERNATIONAL,,,1,1,3.00,true,Format: DVD
PERSEPOLIS - FRENCH,,,,,,1,1,3.00,true,Format: BLU-RAY
PERSONAL SHOPPER,,,CRITERION,,,1,1,3.00,true,Format: DVD
PETER PAN,,,"FAMILY, STUDIO",,,1,1,3.00,true,Format: BLU-RAY
PHANTOM CARRIAGE THE - SILENT / SWEDISH,,,"CRITERION, INTERNATIONAL",,,1,1,3.00,true,Format: DVD
PHANTOM OF LIBERTY THE - FRENCH,,,"CRITERION, INTERNATIONAL",,,1,1,3.00,true,Format: DVD
PHANTOM OF THE OPERA - SILENT,,,,,,1,1,3.00,true,Format: DVD | Keywords: KENWORTHY
PHILADELPHIA,,,AWARD WINNER,,,1,1,3.00,true,Format: DVD
PHILADELPHIA STORY THE,,,"AWARD WINNER, CLASSIC",,,1,1,3.00,true,Format: DVD
PHOENIX (2014) - GERMAN,2014,,"CRITERION, INTERNATIONAL",,,1,1,3.00,true,Format: DVD
PIANO THE,,,AWARD WINNER,,,1,1,3.00,true,Format: DVD
PICK UP ON SOUTH STREET,,,CRITERION,,,1,1,3.00,true,Format: DVD
PICKPOCKET - FRENCH,,,"CRITERION, INTERNATIONAL",,,1,1,3.00,true,Format: DVD
PIERRE ETAIX: THE SUITOR / YOYO / AS LONG AS YOU'VE GOT YOUR HEALTH / RUPTURE / HAPPY ANNIVERSARY / FEELING GOOD / LAND OF MILK AND HONEY - FRENCH,,,"CRITERION, INTERNATIONAL",,,1,1,3.00,true,Format: DVD
PIERROT LE FOU - FRENCH,,,"CRITERION, INTERNATIONAL",,,1,1,3.00,true,Format: DVD
PIGS AND BATTLESHIPS - JAPANESE,,,"CRITERION, INTERNATIONAL",,,1,1,3.00,true,Format: DVD
PINA - MULTI LANGUAGE,,,"CRITERION, INTERNATIONAL",,,1,1,3.00,true,Format: DVD
PINK FLAMINGOS,,,,,,1,1,3.00,true,Format: BLU-RAY
PINK FLOYD THE WALL,,,,,,1,1,3.00,true,Format: BLU-RAY
PINK PANTHER CARTOON DISC 1,,,"CARTOONS, FAMILY",,,1,1,3.00,true,Format: DVD
PINK PANTHER CARTOON DISC 2,,,"CARTOONS, FAMILY",,,1,1,3.00,true,Format: DVD
PINK PANTHER CARTOON DISC 3,,,"CARTOONS, FAMILY",,,1,1,3.00,true,Format: DVD
PINK PANTHER CARTOON DISC 4,,,"CARTOONS, FAMILY",,,1,1,3.00,true,Format: DVD
PINK PANTHER CARTOON DISC 5,,,"CARTOONS, FAMILY",,,1,1,3.00,true,Format: DVD
PITFALL - JAPANESE,,,"CRITERION, INTERNATIONAL",,,1,1,3.00,true,Format: DVD
PJMASKS 20 MEGA MISSIONS COLLECTION,,,CARTOONS,,,1,1,3.00,true,Format: DVD
PLACE VENDOME - FRENCH,,,INTERNATIONAL,,,1,1,3.00,true,Format: DVD
PLACES IN THE HEART,,,AWARD WINNER,,,1,1,3.00,true,Format: DVD
PLAGUE DOGS THE,,,,,,1,1,3.00,true,Format: BLU-RAY | Keywords: ANIMATED
PLAYTIME - FRENCH,,,"CRITERION, INTERNATIONAL",,,1,1,3.00,true,Format: DVD
POINT BLANK,,,,,,1,1,3.00,true,Format: DVD
POINT BREAK,,,ACTION,,,1,1,3.00,true,Format: BLU-RAY | Keywords: KEANU REEVES
POLA X - FRENCH,,,INTERNATIONAL,,,1,1,3.00,true,Format: DVD
POLAR EXPRESS THE,,,FAMILY,,,1,1,3.00,true,Format: DVD | Keywords: HOLIDAY
PONYO,,,"MIYAZAKI, STUDIO, STUDIO GHIBLI",,,1,1,3.00,true,Format: BLU-RAY
POPEYE AND OTHER CARTOON TREASURES,,,"CARTOONS, FAMILY",,,1,1,3.00,true,Format: DVD
POPEYE: 75TH ANNIVERSARY COLLECTION,,,"CARTOONS, FAMILY",,,1,1,3.00,true,Format: DVD
PORCO ROSSO,,,"MIYAZAKI, STUDIO GHIBLI",,,1,1,3.00,true,Format: BLU-RAY
PORNOGRAPHERS THE - JAPANESE,,,"CRITERION, INTERNATIONAL",,,1,1,3.00,true,Format: DVD
PORT OF CALL - SWEDISH,,,"ECLIPSE, CRITERION, INTERNATIONAL",,,1,1,3.00,true,Format: DVD
PORT OF SHADOWS - FRENCH,,,"CRITERION, INTERNATIONAL",,,1,1,3.00,true,Format: DVD
POSSESSION,,,,,,1,1,3.00,true,Format: DVD
POWERPUFF GIRLS MOVIE THE,,,FAMILY,,,1,1,3.00,true,Format: DVD
PRACTICAL MAGIC / THE WITCHES OF EASTWICK,,,,,,1,1,3.00,true,Format: BLU-RAY
PRICELESS - FRENCH,,,INTERNATIONAL,,,1,1,3.00,true,Format: DVD
PRINCE VALIANT,,,CLASSIC,,,1,1,3.00,true,Format: DVD
PRINCESS MONONOKE,,,"MIYAZAKI, STUDIO GHIBLI",,,1,1,3.00,true,Format: DVD
PRINCESS OF MONTPENSIER THE - FRENCH,,,INTERNATIONAL,,,1,1,3.00,true,Format: DVD
PRIVATE LIFE OF DON JUAN,,,"ECLIPSE, CRITERION",,,1,1,3.00,true,Format: DVD
PROPHET A - FRENCH,,,INTERNATIONAL,,,1,1,3.00,true,Format: DVD
PSYCHO,,,CLASSIC,,,1,1,3.00,true,Format: BLU-RAY | Keywords: HITCHCOCK
PULP FICTION,,,AWARD WINNER,,,1,1,3.00,true,Format: DVD
PUNCH-DRUNK LOVE,,,,,,1,1,3.00,true,Format: BLU-RAY
PURPLE NOON - FRENCH,,,INTERNATIONAL,,,1,1,3.00,true,Format: DVD
PUTNEY SWOPE / TWO TONS OF TURQUOISE TO TAOS TONIGHT,,,"ECLIPSE, CRITERION",,,1,1,3.00,true,Format: DVD
PYGMALION,,,CRITERION,,,1,1,3.00,true,Format: DVD
QUADRILLE - FRENCH,,,"ECLIPSE, CRITERION, INTERNATIONAL",,,1,1,3.00,true,Format: DVD
QUADROPHENIA,,,CRITERION,,,1,1,3.00,true,Format: DVD
QUAI DES ORFEVRES - FRENCH,,,"CRITERION, INTERNATIONAL",,,1,1,3.00,true,Format: DVD
QUEEN THE,,,AWARD WINNER,,,1,1,3.00,true,Format: DVD
QUEEN TO PLAY - FRENCH,,,INTERNATIONAL,,,1,1,3.00,true,Format: DVD
RAGING BULL,,,AWARD WINNER,,,1,1,3.00,true,Format: DVD
RAIN MAN,,,AWARD WINNER,,,1,1,3.00,true,Format: DVD
RAN - JAPANESE,,,INTERNATIONAL,,,1,1,3.00,true,Format: DVD
RATCATCHER,,,CRITERION,,,1,1,3.00,true,Format: DVD
RAY,,,AWARD WINNER,,,1,1,3.00,true,Format: DVD
REACHING FOR THE MOON,,,CLASSIC,,,1,1,3.00,true,Format: DVD
READ MY LIPS - FRENCH,,,INTERNATIONAL,,,1,1,3.00,true,Format: DVD
READER THE,,,AWARD WINNER,,,1,1,3.00,true,Format: BLU-RAY
REAL YOUNG GIRL A - FRENCH,,,INTERNATIONAL,,,1,1,3.00,true,Format: DVD
REAR WINDOW,,,CLASSIC,,,1,1,3.00,true,Format: BLU-RAY | Keywords: HITCHCOCK
REBECCA,,,AWARD WINNER,,,1,1,3.00,true,Format: DVD | Keywords: HITCHCOCK
RED - FRENCH,,,INTERNATIONAL,,,1,1,3.00,true,Format: DVD
RED BALLOON THE - FRENCH,,,INTERNATIONAL,,,1,1,3.00,true,Format: DVD
RED BEARD - JAPANESE,,,"CRITERION, INTERNATIONAL",,,1,1,3.00,true,Format: DVD
RED DESERT - ITALIAN,,,"CRITERION, INTERNATIONAL",,,1,1,3.00,true,Format: DVD
RED SHOES THE,,,CRITERION,,,1,1,3.00,true,Format: DVD
RED SIREN - FRENCH,,,INTERNATIONAL,,,1,1,3.00,true,Format: DVD
RED TURTLE THE,,,STUDIO GHIBLI,,,1,1,3.00,true,Format: DVD
REDLINE,,,,,,1,1,3.00,true,Format: BLU-RAY
REEFER MADNESS,,,,,,1,1,3.00,true,Format: BLU-RAY
REMBRANDT,,,"ECLIPSE, CRITERION",,,1,1,3.00,true,Format: DVD
REMORQUES - FRENCH,,,"ECLIPSE, CRITERION, INTERNATIONAL",,,1,1,3.00,true,Format: DVD
REPO MAN,,,,,,1,1,3.00,true,Format: BLU-RAY
REPULSION,,,CRITERION,,,1,1,3.00,true,Format: DVD
RETURN OF THE PRODIGAL SON,,,"ECLIPSE, CRITERION",,,1,1,3.00,true,Format: DVD
REVANCHE - GERMAN,,,"CRITERION, INTERNATIONAL",,,1,1,3.00,true,Format: DVD
REVENANT THE (2015),2015,,AWARD WINNER,,,1,1,3.00,true,Format: BLU-RAY
REVENGE OF THE MUSKETEERS - FRENCH,,,INTERNATIONAL,,,1,1,3.00,true,Format: DVD
REVERSAL OF FORTUNE,,,AWARD WINNER,,,1,1,3.00,true,Format: DVD
REVOLUTIONARY ROAD,,,"AWARD WINNER, CRITICS' CHOICE",,,1,1,3.00,true,Format: DVD
RICHARD III-1955,,,CRITERION,,,1,1,3.00,true,Format: DVD
RICHIE RICH,,,FAMILY,,,1,1,3.00,true,Format: DVD
RICKY - FRENCH,,,INTERNATIONAL,,,1,1,3.00,true,Format: DVD
RICKY - FRENCH,,,INTERNATIONAL,,,1,1,3.00,true,Format: DVD
RIDE THE PINK HORSE,,,CRITERION,,,1,1,3.00,true,Format: DVD
RIDE WITH THE DEVIL,,,CRITERION,,,1,1,3.00,true,Format: DVD
RIDICULE - FRENCH,,,INTERNATIONAL,,,1,1,3.00,true,Format: DVD
RIFIFI - FRENCH,,,"CRITERION, INTERNATIONAL",,,1,1,3.00,true,Format: DVD
RIO,,,,,,1,1,3.00,true,Format: BLU-RAY
RIOT IN CELL BLOCK 11,,,CRITERION,,,1,1,3.00,true,Format: DVD
RISE OF CATHERINE THE GREAT THE,,,"ECLIPSE, CRITERION",,,1,1,3.00,true,Format: DVD
RIVER THE,,,CRITERION,,,1,1,3.00,true,Format: DVD
ROAD TO NOWHERE,,,DRAMA,,,1,1,3.00,true,Format: DVD
ROBINSON CRUSOE ON MARS,,,CRITERION,,,1,1,3.00,true,Format: DVD
ROBOCOP,,,CRITERION,,,1,1,3.00,true,Format: DVD
ROCKETMAN,,,MUSICAL,,,1,1,3.00,true,Format: BLU-RAY
ROCKY,,,AWARD WINNER,,,1,1,3.00,true,Format: DVD
ROCKY & BULLWINKLE: SEASON 1,,,"CARTOONS, FAMILY",,,1,1,3.00,true,Format: DVD
ROCKY & BULLWINKLE: SEASON 2,,,"CARTOONS, FAMILY",,,1,1,3.00,true,Format: DVD
ROCKY & BULLWINKLE: SEASON 3,,,"CARTOONS, FAMILY",,,1,1,3.00,true,Format: DVD
ROCKY HORROR PICTURE SHOW,,,CULT CLASSICS,,,1,1,3.00,true,Format: DVD
ROMA - SPANISH,,,"AWARD WINNER, CRITERION, INTERNATIONAL",,,1,1,3.00,true,Format: DVD
ROMANCE - FRENCH,,,INTERNATIONAL,,,1,1,3.00,true,Format: DVD
ROMANCE OF ASTREA AND CELADON - FRENCH,,,INTERNATIONAL,,,1,1,3.00,true,Format: DVD
ROME OPEN CITY - ITALIAN / GERMAN,,,"AWARD WINNER, CRITERION, INTERNATIONAL",,,1,1,3.00,true,Format: DVD
ROOM,,,AWARD WINNER,,,1,1,3.00,true,Format: BLU-RAY
ROOM THE,,,CULT CLASSICS,,,1,1,3.00,true,Format: DVD
ROPE,,,CLASSIC,,,1,1,3.00,true,Format: BLU-RAY | Keywords: HITCHCOCK
ROSE TATTOO THE,,,AWARD WINNER,,,1,1,3.00,true,Format: DVD
ROYAL TENENBAUMS THE,,,CRITERION,,,1,1,3.00,true,Format: BLU-RAY | Keywords: WES ANDERSON
RULES OF THE GAME THE - FRENCH,,,"CRITERION, INTERNATIONAL",,,1,1,3.00,true,Format: DVD
RULING CLASS THE,,,CRITERION,,,1,1,3.00,true,Format: DVD
RUSHMORE,,,CRITERION,,,1,1,3.00,true,Format: BLU-RAY | Keywords: WES ANDERSON
RUSSIAN DOLLS - FRENCH,,,INTERNATIONAL,,,1,1,3.00,true,Format: DVD
RUST AND BONE - FRENCH,,,INTERNATIONAL,,,1,1,3.00,true,Format: DVD
RUSTY KNIFE - JAPANESE,,,"ECLIPSE, CRITERION, INTERNATIONAL",,,1,1,3.00,true,Format: DVD
S. DARKO: A DONNIE DARKO TALE,,,,,,1,1,3.00,true,Format: DVD
SADE - FRENCH,,,INTERNATIONAL,,,1,1,3.00,true,Format: DVD
SAFE,,,CRITERION,,,1,1,3.00,true,Format: DVD
SAFE CONDUCT - FRENCH,,,INTERNATIONAL,,,1,1,3.00,true,Format: DVD
SAINT LAURENT - FRENCH,,,INTERNATIONAL,,,1,1,3.00,true,Format: BLU-RAY
SALESMAN,,,CRITERION,,,1,1,3.00,true,Format: DVD
SALESMAN THE - FARSI,,,"AWARD WINNER, INTERNATIONAL",,,1,1,3.00,true,Format: DVD
SALVATORE GIULIANO,,,CRITERION,,,1,1,3.00,true,Format: DVD
SAMURAI REBELLION - JAPANESE,,,"CRITERION, INTERNATIONAL",,,1,1,3.00,true,Format: DVD
SAMURAI SPY - JAPANESE,,,"CRITERION, INTERNATIONAL",,,1,1,3.00,true,Format: DVD
SAMURAI TRILOGY: MUSASHI MIYAMOTO / DUEL AT ICHIJOJI TEMPLE / DUEL AT GANRYU ISLAND - JAPANESE,,,"CRITERION, INTERNATIONAL",,,1,1,3.00,true,Format: BLU-RAY
SANDLOT THE,,,FAMILY,,,1,1,3.00,true,Format: DVD
SANDPIPER THE,,,CLASSIC,,,1,1,3.00,true,Format: DVD
SANSHO THE BAILIFF - JAPANESE,,,"CRITERION, INTERNATIONAL",,,1,1,3.00,true,Format: DVD
SATURDAY MORNING CARTOON: 1960'S VOLUME 2,,,"CARTOONS, FAMILY",,,1,1,3.00,true,Format: DVD
SATURDAY MORNING CARTOONS: 1960'S VOLUME 1,,,"CARTOONS, FAMILY",,,1,1,3.00,true,Format: DVD
SATURDAY MORNING CARTOONS: 1970'2 VOLUME 2,,,"CARTOONS, FAMILY",,,1,1,3.00,true,Format: DVD
SATURDAY MORNING CARTOONS: 1970'S VOLUME 1,,,"CARTOONS, FAMILY",,,1,1,3.00,true,Format: DVD
SAVE THE TIGER,,,AWARD WINNER,,,1,1,3.00,true,Format: DVD
SAVING FACE,,,,,,1,1,3.00,true,Format: DVD
SAWDUST AND TINSEL - SWEDISH,,,"CRITERION, INTERNATIONAL",,,1,1,3.00,true,Format: DVD
SCARECROW,,,AWARD WINNER,,,1,1,3.00,true,Format: DVD
SCARED STRAIGHT!,,,"AWARD WINNER, DOCUMENTARY",,,1,1,3.00,true,Format: DVD
SCARLET EMPRESS THE,,,CRITERION,,,1,1,3.00,true,Format: DVD
SCENES FROM A MARRIAGE - SWEDISH,,,"CRITERION, INTERNATIONAL",,,1,1,3.00,true,Format: DVD
SCHINDLER'S LIST,,,AWARD WINNER,,,1,1,3.00,true,Format: DVD
SCHIZOPOLIS,,,CRITERION,,,1,1,3.00,true,Format: DVD
SCIENCE IS FICTION: 23 FILMS BY JEAN PAINLEVE - FRENCH,,,"CRITERION, INTERNATIONAL",,,1,1,3.00,true,Format: DVD
SCOOBY-DOO AND FRIENDS,,,"CARTOONS, FAMILY",,,1,1,3.00,true,Format: DVD
SEA INSIDE THE - SPANISH,,,"AWARD WINNER, INTERNATIONAL",,,1,1,3.00,true,Format: DVD
SEARCHERS THE,,,,,,1,1,3.00,true,Format: BLU-RAY
SEARCHING FOR SUGAR MAN,,,"AWARD WINNER, DOCUMENTARY",,,1,1,3.00,true,Format: DVD
SECOND ACT,,,,,,1,1,3.00,true,Format: BLU-RAY
SECONDHAND LIONS,,,FAMILY,,,1,1,3.00,true,Format: BLU-RAY
SECRET IN THEIR EYES THE - SPANISH,,,"AWARD WINNER, INTERNATIONAL",,,1,1,3.00,true,Format: DVD
SECRET OF THE GRAIN THE - FRENCH / ARABIC,,,"CRITERION, INTERNATIONAL",,,1,1,3.00,true,Format: DVD
SECRET SUNSHINE - KOREAN,,,"CRITERION, INTERNATIONAL",,,1,1,3.00,true,Format: DVD
SECRET WORLD OF ARRIETTY THE,,,"STUDIO, STUDIO GHIBLI",,,1,1,3.00,true,Format: DVD
SECRETS & LIES,,,AWARD WINNER,,,1,1,3.00,true,Format: DVD
SEDUCED AND ABANDONED - ITALIAN,,,"CRITERION, INTERNATIONAL",,,1,1,3.00,true,Format: DVD
SEDUCING DR. LEWIS - FRENCH,,,INTERNATIONAL,,,1,1,3.00,true,Format: DVD
SENSO - ITALIAN,,,"CRITERION, INTERNATIONAL",,,1,1,3.00,true,Format: DVD
SEPARATE TABLES,,,AWARD WINNER,,,1,1,3.00,true,Format: DVD
SEPARATION A - FARSI,,,"AWARD WINNER, INTERNATIONAL",,,1,1,3.00,true,Format: DVD
SERAPHINE - FRENCH,,,INTERNATIONAL,,,1,1,3.00,true,Format: DVD
SEVEN BRIDES FOR SEVEN BROTHERS,,,"CLASSIC, FAMILY, MUSICAL",,,1,1,3.00,true,Format: BLU-RAY
SEVEN SAMURAI - JAPANESE,,,"CRITERION, INTERNATIONAL",,,1,1,3.00,true,Format: BLU-RAY
SEVENTH CONTINENT THE - FRENCH,,,INTERNATIONAL,,,1,1,3.00,true,Format: DVD
SEX IS COMEDY - FRENCH,,,INTERNATIONAL,,,1,1,3.00,true,Format: DVD
SEX LIES AND VIDEOTAPE,,,AWARD WINNER,,,1,1,3.00,true,Format: DVD
SHADOWS,,,CRITERION,,,1,1,3.00,true,Format: DVD
SHADOWS IN PARADISE,,,"ECLIPSE, CRITERION",,,1,1,3.00,true,Format: DVD
SHADOWS OF FORGOTTEN ANCESTORS,,,,,,1,1,3.00,true,Format: DVD
SHAKESPEARE IN LOVE,,,AWARD WINNER,,,1,1,3.00,true,Format: DVD
SHALLOW GRAVE,,,CRITERION,,,1,1,3.00,true,Format: BLU-RAY
SHAPE OF WATER THE,,,AWARD WINNER,,,1,1,3.00,true,Format: BLU-RAY
SHAWSHANK REDEMPTION THE,,,CRITICS' CHOICE,,,1,1,3.00,true,Format: DVD
SHERIFF OF FRACTURED JAW THE,,,CLASSIC,,,1,1,3.00,true,Format: DVD
SHERLOCK HOLMES: IN WASHINGTON / FACES DEATH,,,CLASSIC,,,1,1,3.00,true,Format: DVD
SHOCK CORRIDOR,,,CRITERION,,,1,1,3.00,true,Format: DVD
SHOESHINE (SCIUSCIA) - ITALIAN,,,"AWARD WINNER, INTERNATIONAL",,,1,1,3.00,true,Format: DVD
SHOOT THE PIANO PLAYER - FRENCH,,,"CRITERION, INTERNATIONAL",,,1,1,3.00,true,Format: DVD
SHOP ON MAIN STREET THE - CZECH / SLOVAK,,,"AWARD WINNER, CRITERION, INTERNATIONAL",,,1,1,3.00,true,Format: DVD
SHUT UP - FRENCH,,,INTERNATIONAL,,,1,1,3.00,true,Format: DVD
SILENCE OF THE LAMBS,,,AWARD WINNER,,,1,1,3.00,true,Format: DVD
SILVER LININGS PLAYBOOK,,,AWARD WINNER,,,1,1,3.00,true,Format: BLU-RAY
SIMON OF THE DESERT - SPANISH,,,"CRITERION, INTERNATIONAL",,,1,1,3.00,true,Format: DVD
SING A SONG OF SEX - JAPANESE,,,"ECLIPSE, CRITERION, INTERNATIONAL",,,1,1,3.00,true,Format: DVD
SINGIN' IN THE RAIN,,,MUSICAL,,,1,1,3.00,true,Format: DVD
SINGIN' IN THE RAIN,,,,,,1,1,3.00,true,Format: 4K-ULTRA
SISTERS,,,CRITERION,,,1,1,3.00,true,Format: DVD
SIX MORALS: BAKERY GIRL OF MONCEAU - FRENCH,,,"ECLIPSE, CRITERION, INTERNATIONAL",,,1,1,3.00,true,Format: DVD
SIX MORALS: CLAIRE'S KNEE - FRENCH,,,"ECLIPSE, CRITERION, INTERNATIONAL",,,1,1,3.00,true,Format: DVD
SIX MORALS: LA COLLECTIONNEUSE - FRENCH,,,"ECLIPSE, CRITERION, INTERNATIONAL",,,1,1,3.00,true,Format: DVD
SIX MORALS: LOVE IN THE AFTERNOON - FRENCH,,,"ECLIPSE, CRITERION, INTERNATIONAL",,,1,1,3.00,true,Format: DVD
SIX MORALS: MY NIGHT AT MAUD'S - FRENCH,,,"ECLIPSE, CRITERION, INTERNATIONAL",,,1,1,3.00,true,Format: DVD
SIX MORALS: SUZANNE'S CAREER - FRENCH,,,"ECLIPSE, CRITERION, INTERNATIONAL",,,1,1,3.00,true,Format: DVD
SLACKER,,,CRITERION,,,1,1,3.00,true,Format: DVD
SLEEPING BEAUTY THE - FRENCH,,,INTERNATIONAL,,,1,1,3.00,true,Format: DVD
SLEEPLESS NIGHT- FRENCH,,,INTERNATIONAL,,,1,1,3.00,true,Format: DVD
SLIGHTLY PREGNANT MAN A - FRENCH,,,INTERNATIONAL,,,1,1,3.00,true,Format: DVD
SLUMDOG MILLIONAIRE,,,AWARD WINNER,,,1,1,3.00,true,Format: DVD
SMALL BACK ROOM THE,,,CRITERION,,,1,1,3.00,true,Format: DVD
SMALL FOOT,,,FAMILY,,,1,1,3.00,true,Format: BLU-RAY | Keywords: ANIMATED
SMILING LIEUTENANT THE,,,"ECLIPSE, CRITERION",,,1,1,3.00,true,Format: DVD
SMURFS THE: SEASON 1 PART 1,,,"CARTOONS, FAMILY, STUDIO",,,1,1,3.00,true,Format: DVD
SMURFS THE: SEASON 1 PART 2,,,"CARTOONS, FAMILY, STUDIO",,,1,1,3.00,true,Format: DVD
SNOW WHITE AND THE SEVEN DWARFS,,,"AWARD WINNER, FAMILY, STUDIO",,,1,1,3.00,true,Format: BLU-RAY
SODIUM BABIES - FRENCH,,,INTERNATIONAL,,,1,1,3.00,true,Format: DVD
SOFT SKIN THE - FRENCH,,,"CRITERION, INTERNATIONAL",,,1,1,3.00,true,Format: DVD
SOLO CON TU PAREJA - SPANISH,,,"CRITERION, INTERNATIONAL",,,1,1,3.00,true,Format: DVD
SOME LIKE IT HOT,,,CLASSIC,,,1,1,3.00,true,Format: DVD
SOME LIKE IT HOT,,,,,,1,1,3.00,true,Format: 4K-ULTRA
SOMETHING WILD,,,CRITERION,,,1,1,3.00,true,Format: DVD
SON OF SAUL - HUNGARIAN,,,"AWARD WINNER, INTERNATIONAL",,,1,1,3.00,true,Format: DVD
SON'S ROOM THE - ITALIAN,,,"AWARD WINNER, INTERNATIONAL",,,1,1,3.00,true,Format: DVD
SOPHIE'S CHOICE,,,AWARD WINNER,,,1,1,3.00,true,Format: DVD
SORROW AND THE PITY THE - FRENCH,,,INTERNATIONAL,,,1,1,3.00,true,Format: DVD
SPACE JAM,,,"FAMILY, STUDIO",,,1,1,3.00,true,Format: DVD
SPACE JAM / LOONEY TUNES: BACK IN ACTION / FUNKY MONKEY / OSMOSIS JONES,,,FAMILY,,,1,1,3.00,true,Format: DVD
SPARTACUS,,,CLASSIC,,,1,1,3.00,true,Format: BLU-RAY
SPIRIT OF THE BEEHIVE - SPANISH,,,"CRITERION, INTERNATIONAL",,,1,1,3.00,true,Format: DVD
SPIRITED AWAY,,,"MIYAZAKI, STUDIO GHIBLI",,,1,1,3.00,true,Format: DVD
SPONGEBOB SQUAREPANTS: THE FIFTH AND SIXTH SEASONS,,,CARTOONS,,,1,1,3.00,true,Format: DVD
SPONGEBOB SQUAREPANTS: THE FIRST AND SECOND SEASONS,,,CARTOONS,,,1,1,3.00,true,Format: DVD
SPONGEBOB SQUAREPANTS: THE SEVENTH AND EIGHTH SEASONS,,,CARTOONS,,,1,1,3.00,true,Format: DVD
SPONGEBOB SQUAREPANTS: THE THIRD AND FOURTH SEASONS,,,CARTOONS,,,1,1,3.00,true,Format: DVD
SPOTLIGHT,,,AWARD WINNER,,,1,1,3.00,true,Format: BLU-RAY
SQUARE THE - SWEDISH,,,"AWARD WINNER, INTERNATIONAL",,,1,1,3.00,true,Format: DVD
STAGE MOTHER X2,,,,,,1,1,3.00,true,Format: BLU-RAY
STAGECOACH,,,CRITERION,,,1,1,3.00,true,Format: DVD
STALAG 17,,,AWARD WINNER,,,1,1,3.00,true,Format: DVD
STANDING TALL - FRENCH,,,INTERNATIONAL,,,1,1,3.00,true,Format: BLU-RAY
STAR WARS I: THE PHANTOM MENACE,,,STAR WARS,,,1,1,3.00,true,Format: DVD
STAR WARS II: ATTACK OF THE CLONES,,,STAR WARS,,,1,1,3.00,true,Format: DVD
STAR WARS III: REVENGE OF THE SITH,,,STAR WARS,,,1,1,3.00,true,Format: DVD
STAR WARS IV: A NEW HOPE,,,STAR WARS,,,1,1,3.00,true,Format: DVD
STAR WARS V: EMPIRE STRIKES BACK,,,STAR WARS,,,1,1,3.00,true,Format: DVD
STAR WARS VI: RETURN OF THE JEDI,,,STAR WARS,,,1,1,3.00,true,Format: DVD
STAR WARS VII: THE FORCE AWAKENS,,,STAR WARS,,,1,1,3.00,true,Format: DVD
STAR WARS VII: THE FORCE AWAKENS,,,STAR WARS,,,1,1,3.00,true,Format: BLU-RAY
STAR WARS VIII: THE LAST JEDI,,,STAR WARS,,,1,1,3.00,true,Format: DVD
STAR WARS: ROGUE ONE,,,STAR WARS,,,1,1,3.00,true,Format: BLU-RAY
STAR WARS: SOLO,,,STAR WARS,,,1,1,3.00,true,Format: BLU-RAY
STARBUCK - FRENCH,,,INTERNATIONAL,,,1,1,3.00,true,Format: DVD
STEEL HELMET THE,,,"ECLIPSE, CRITERION",,,1,1,3.00,true,Format: DVD
STILL ALICE,,,AWARD WINNER,,,1,1,3.00,true,Format: BLU-RAY
STILL WALKING - JAPENESE,,,"CRITERION, INTERNATIONAL",,,1,1,3.00,true,Format: DVD
STOLEN KISSES - FRENCH,,,"CRITERION, INTERNATIONAL",,,1,1,3.00,true,Format: DVD
STORKS,,,FAMILY,,,1,1,3.00,true,Format: BLU-RAY
STORY OF A CHEAT THE - FRENCH,,,"ECLIPSE, CRITERION, INTERNATIONAL",,,1,1,3.00,true,Format: DVD
STORY OF A PROSTITUTE - JAPANESE,,,"CRITERION, INTERNATIONAL",,,1,1,3.00,true,Format: DVD
STORY OF FLOATING WEEDS / FLOATING WEEDS - JAPANESE,,,"CRITERION, INTERNATIONAL",,,1,1,3.00,true,Format: DVD
STORY OF MARIE AND JULIEN - FRENCH,,,INTERNATIONAL,,,1,1,3.00,true,Format: DVD
STORY OF THE LOST CHRYSANTHEMUM THE - JAPANESE,,,"CRITERION, INTERNATIONAL",,,1,1,3.00,true,Format: DVD
STRANGER THAN PARADISE,,,CRITERION,,,1,1,3.00,true,Format: DVD
STRANGERS ON A TRAIN,,,,,,1,1,3.00,true,Format: BLU-RAY
STRAW DOGS,,,CRITERION,,,1,1,3.00,true,Format: DVD
STREET WITHOUT END,,,"ECLIPSE, CRITERION",,,1,1,3.00,true,Format: DVD
STREETCAR NAMED DESIRE A,,,"AWARD WINNER, CLASSIC",,,1,1,3.00,true,Format: DVD
STREETCAR NAMED DESIRE A,,,,,,1,1,3.00,true,Format: BLU-RAY
STUDENT SERVICES - FRENCH,,,INTERNATIONAL,,,1,1,3.00,true,Format: DVD
SUBWAY - FRENCH,,,INTERNATIONAL,,,1,1,3.00,true,Format: DVD
SULLIVAN'S TRAVELS,,,CRITERION,,,1,1,3.00,true,Format: DVD
SUMMER HOURS - FRENCH,,,"CRITERION, INTERNATIONAL",,,1,1,3.00,true,Format: DVD
SUMMER INTERLUDE - SWEDISH,,,"CRITERION, INTERNATIONAL",,,1,1,3.00,true,Format: DVD
SUMMER WITH MONIKA - SWEDISH,,,"CRITERION, INTERNATIONAL",,,1,1,3.00,true,Format: DVD
SUMMER'S TALE A - FRENCH,,,INTERNATIONAL,,,1,1,3.00,true,Format: DVD
SUMMERTIME,,,CRITERION,,,1,1,3.00,true,Format: DVD
SUNDAYS AND CYBELE - FRENCH,,,"CRITERION, INTERNATIONAL",,,1,1,3.00,true,Format: DVD
SUNRISE (1927),1927,,AWARD WINNER,,,1,1,3.00,true,Format: DVD
SUPER BOWL LIII CHAMPIONS: NEW ENGLAND PATRIOTS,,,,,,1,1,3.00,true,Format: BLU-RAY
SUPPLEMENTS THE: 3 FILMS BY LOUIS MALLE,,,CRITERION,,,1,1,3.00,true,Format: DVD
SUSPICION,,,AWARD WINNER,,,1,1,3.00,true,Format: DVD
SWANN IN LOVE - FRENCH,,,INTERNATIONAL,,,1,1,3.00,true,Format: DVD
SWEET MOVIE - ENGLISH / FRENCH / CROATION,,,"CRITERION, INTERNATIONAL",,,1,1,3.00,true,Format: DVD
SWEET SMELL OF SUCCESS,,,CRITERION,,,1,1,3.00,true,Format: DVD
SWEETIE,,,CRITERION,,,1,1,3.00,true,Format: DVD
SWORD OF DOOM THE - JAPANESE,,,"CRITERION, INTERNATIONAL",,,1,1,3.00,true,Format: DVD
SWORD OF THE BEAST - JAPANESE,,,"CRITERION, INTERNATIONAL",,,1,1,3.00,true,Format: DVD
SYMBIOPSYCHOTAXIPLASM: TAKE ONE / TAKE TWO AND A HALF,,,CRITERION,,,1,1,3.00,true,Format: DVD
TAKE AIM AT THE POLICE VAN - JAPANESE,,,"ECLIPSE, CRITERION, INTERNATIONAL",,,1,1,3.00,true,Format: DVD
TAKING OF POWER BY LOUIS XIV THE - FRENCH,,,"CRITERION, INTERNATIONAL",,,1,1,3.00,true,Format: DVD
TALES OF HOFFMANN THE,,,CRITERION,,,1,1,3.00,true,Format: DVD
TANNER '88,,,CRITERION,,,1,1,3.00,true,Format: DVD
TASTE OF CHERRY - FARSI,,,"CRITERION, INTERNATIONAL",,,1,1,3.00,true,Format: DVD
TASTE OF OTHERS THE - FRENCH,,,INTERNATIONAL,,,1,1,3.00,true,Format: DVD
TAXI DRIVER,,,AWARD WINNER,,,1,1,3.00,true,Format: DVD
TAXI FOR TOBRUK - FRENCH,,,INTERNATIONAL,,,1,1,3.00,true,Format: DVD
TAXI TO THE DARK SIDE,,,"AWARD WINNER, DOCUMENTARY",,,1,1,3.00,true,Format: DVD
TEENAGE MUTANT NINJA TURTLES COMBO PACK,,,FAMILY,,,1,1,3.00,true,Format: BLU-RAY
TELL NO ONE - FRENCH,,,INTERNATIONAL,,,1,1,3.00,true,Format: DVD
TENDER MERCIES,,,AWARD WINNER,,,1,1,3.00,true,Format: DVD
TERMINATOR 2,,,SCI-FI/FANTASY,,,1,1,3.00,true,Format: DVD
TERMINATOR 2,,,,,,1,1,3.00,true,Format: BLU-RAY
TERMS OF ENDEARMENT,,,AWARD WINNER,,,1,1,3.00,true,Format: DVD
TESTAMENT OF DR. MABUSE THE - GERMAN,,,"CRITERION, INTERNATIONAL",,,1,1,3.00,true,Format: DVD
TESTAMENT OF ORPHEUS - FRENCH,,,"CRITERION, INTERNATIONAL",,,1,1,3.00,true,Format: DVD
THANK YOU MR.MOTO,,,CLASSIC,,,1,1,3.00,true,Format: DVD
THAT HAMILTON WOMAN,,,CRITERION,,,1,1,3.00,true,Format: DVD
THAT OBSCURE OBJECT OF DESIRE - FRENCH,,,"CRITERION, INTERNATIONAL",,,1,1,3.00,true,Format: DVD
THE WIND,,,,,,1,1,3.00,true,Format: DVD
THEORY OF EVERYTHING,,,AWARD WINNER,,,1,1,3.00,true,Format: DVD
THERE WAS A FATHER - JAPANESE,,,"CRITERION, INTERNATIONAL",,,1,1,3.00,true,Format: DVD
THERE'S SOMETHING ABOUT MARY,,,,,,1,1,3.00,true,Format: BLU-RAY
THEY CAME BACK - FRENCH,,,INTERNATIONAL,,,1,1,3.00,true,Format: DVD
THIEF OF BAGDAD THE,,,CRITERION,,,1,1,3.00,true,Format: DVD
THIEVES HIGHWAY,,,CRITERION,,,1,1,3.00,true,Format: DVD
THIN RED LINE THE,,,CRITERION,,,1,1,3.00,true,Format: DVD
THINGS TO COME,,,CRITERION,,,1,1,3.00,true,Format: DVD
THINGS TO COME - FRENCH,,,INTERNATIONAL,,,1,1,3.00,true,Format: DVD
THIRST - SWEDISH,,,"ECLIPSE, CRITERION, INTERNATIONAL",,,1,1,3.00,true,Format: DVD
THIRST FOR LOVE,,,ECLIPSE,,,1,1,3.00,true,Format: DVD
THIS HAPPY BREED,,,CRITERION,,,1,1,3.00,true,Format: DVD
THREE BILLBOARDS OUTSIDE EBBING,,,AWARD WINNER,,,1,1,3.00,true,Format: BLU-RAY
THREE DANCING SLAVES - FRENCH,,,INTERNATIONAL,,,1,1,3.00,true,Format: DVD
THREE FACES OF EVE THE,,,AWARD WINNER,,,1,1,3.00,true,Format: DVD
THREE OUTLAW SAMURAI - JAPANESE,,,"CRITERION, INTERNATIONAL",,,1,1,3.00,true,Format: DVD
THREE RESURRECTED DRUNKARDS- JAPANESE,,,"ECLIPSE, CRITERION, INTERNATIONAL",,,1,1,3.00,true,Format: DVD
TIMBUKTU - FRENCH,,,INTERNATIONAL,,,1,1,3.00,true,Format: DVD
TIME OUT - FRENCH,,,INTERNATIONAL,,,1,1,3.00,true,Format: DVD
TIMES OF HARVEY MILK THE,,,"AWARD WINNER, CRITERION",,,1,1,3.00,true,Format: DVD
TIN DRUM THE - GERMAN,,,"AWARD WINNER, CRITERION, INTERNATIONAL",,,1,1,3.00,true,Format: DVD
TINY FURNITURE,,,CRITERION,,,1,1,3.00,true,Format: DVD
TITANIC,,,AWARD WINNER,,,1,1,3.00,true,Format: DVD
TO BE AND TO HAVE - FRENCH,,,INTERNATIONAL,,,1,1,3.00,true,Format: DVD
TO JOY - SWEDISH,,,"ECLIPSE, CRITERION, INTERNATIONAL",,,1,1,3.00,true,Format: DVD
TO KILL A MOCKINGBIRD,,,AWARD WINNER,,,1,1,3.00,true,Format: DVD
TOI & MOI - FRENCH,,,INTERNATIONAL,,,1,1,3.00,true,Format: DVD
TOKYO CHORUS,,,"ECLIPSE, CRITERION",,,1,1,3.00,true,Format: DVD
TOKYO DRIFTER - JAPANESE,,,"CRITERION, INTERNATIONAL",,,1,1,3.00,true,Format: DVD
TOKYO OLYMPIAD - JAPANESE,,,"CRITERION, INTERNATIONAL",,,1,1,3.00,true,Format: DVD
TOKYO STORY - JAPANESE,,,"CRITERION, INTERNATIONAL",,,1,1,3.00,true,Format: DVD
TOM & JERRY CLASSIC EPISODES,,,"CARTOONS, FAMILY",,,1,1,3.00,true,Format: DVD
TOM AND JERRY: VOL. 2 DISC 1,,,"CARTOONS, FAMILY",,,1,1,3.00,true,Format: DVD
TOM AND JERRY: VOL. 2 DISC 2,,,"CARTOONS, FAMILY",,,1,1,3.00,true,Format: DVD
TOM AND JERRY: VOLUME 1,,,"CARTOONS, FAMILY",,,1,1,3.00,true,Format: DVD
TOM JONES,,,AWARD WINNER,,,1,1,3.00,true,Format: DVD
TOMBOY - FRENCH,,,INTERNATIONAL,,,1,1,3.00,true,Format: DVD
TOO BEAUTIFUL FOR YOU - FRENCH,,,INTERNATIONAL,,,1,1,3.00,true,Format: DVD
TOOTSIE,,,COMEDY,,,1,1,3.00,true,Format: DVD
TOPSY-TURVY,,,CRITERION,,,1,1,3.00,true,Format: DVD
TORMENT - SWEDISH,,,"ECLIPSE, AWARD WINNER, CRITERION, INTERNATIONAL",,,1,1,3.00,true,Format: DVD
TORMENTO - ITALIAN,,,"ECLIPSE, CRITERION, INTERNATIONAL",,,1,1,3.00,true,Format: DVD
TORN CURTAIN,,,CLASSIC,,,1,1,3.00,true,Format: BLU-RAY | Keywords: HITCHCOCK
TOTAL BALALAIKA SHOW WITH FIVE MUSIC VIDEOS,,,"ECLIPSE, CRITERION",,,1,1,3.00,true,Format: DVD
TOUCHEZ PAS AU GRISBI,,,CRITERION,,,1,1,3.00,true,Format: DVD
TOUS LES MATINS DU MONDE - FRENCH,,,INTERNATIONAL,,,1,1,3.00,true,Format: DVD
TOUT VA BIEN - FRENCH,,,"CRITERION, INTERNATIONAL",,,1,1,3.00,true,Format: DVD
TOWN CALLED PANIC A - FRENCH,,,INTERNATIONAL,,,1,1,3.00,true,
TOWN IS QUIET THE - FRENCH,,,INTERNATIONAL,,,1,1,3.00,true,Format: DVD
TOY STORY,,,"FAMILY, STUDIO",,,1,1,3.00,true,Format: BLU-RAY
TRAFFIC,,,AWARD WINNER,,,1,1,3.00,true,Format: BLU-RAY
TRAFIC (1971) - FRENCH,1971,,"CRITERION, INTERNATIONAL",,,1,1,3.00,true,Format: DVD
TRAINING DAY,,,AWARD WINNER,,,1,1,3.00,true,Format: DVD
TREASURE OF THE SIERRA MADRE,,,AWARD WINNER,,,1,1,3.00,true,Format: BLU-RAY
TREE OF LIFE THE,,,AWARD WINNER,,,1,1,3.00,true,Format: DVD
TREE OF WOODEN CLOGS THE - BERGAMASQUE,,,"AWARD WINNER, CRITERION, INTERNATIONAL",,,1,1,3.00,true,Format: DVD
TRIP THE,,,CRITICS' CHOICE,,,1,1,3.00,true,Format: DVD
TRIP TO BOUNTIFUL,,,AWARD WINNER,,,1,1,3.00,true,Format: DVD
TRIPLE AGENT - FRENCH,,,INTERNATIONAL,,,1,1,3.00,true,Format: DVD
TSOTSI,,,AWARD WINNER,,,1,1,3.00,true,Format: DVD
TUNES OF GLORY,,,CRITERION,,,1,1,3.00,true,Format: DVD
TUNNEL OF LOVE THE,,,CLASSIC,,,1,1,3.00,true,Format: DVD
TWENTY-FOUR EYES - JAPANESE,,,"CRITERION, INTERNATIONAL",,,1,1,3.00,true,Format: DVD
TWILIGHT GIRLS THE - FRENCH,,,INTERNATIONAL,,,1,1,3.00,true,Format: DVD
TWILIGHT SAGA THE,,,,,,1,1,3.00,true,Format: BLU-RAY
TWO DAYS ONE NIGHT - FRENCH,,,"CRITERION, INTERNATIONAL",,,1,1,3.00,true,Format: BLU-RAY
TWO OF US THE - FRENCH,,,"CRITERION, INTERNATIONAL",,,1,1,3.00,true,Format: DVD
TWO WOMEN,,,AWARD WINNER,,,1,1,3.00,true,Format: DVD
TWO-LANE BLACKTOP,,,CRITERION,,,1,1,3.00,true,Format: DVD
UGETSU- JAPANESE,,,"CRITERION, INTERNATIONAL",,,1,1,3.00,true,Format: DVD
ULTIMATE CAROON COLLECTION,,,"CARTOONS, FAMILY",,,1,1,3.00,true,Format: DVD
UN CHIEN ANDALOU - FRENCH,,,INTERNATIONAL,,,1,1,3.00,true,Format: DVD
UN FLIC - FRENCH,,,INTERNATIONAL,,,1,1,3.00,true,Format: DVD
UNCLE BOONMEE WHO CAN RECALL HIS PAST LIVES - THAI,,,"AWARD WINNER, INTERNATIONAL",,,1,1,3.00,true,Format: DVD
UNDEFEATED (2012),2012,,"AWARD WINNER, DOCUMENTARY",,,1,1,3.00,true,Format: DVD
UNDER THE ROOFS OF PARIS,,,CRITERION,,,1,1,3.00,true,Format: DVD
UNDER THE VOLCANO,,,CRITERION,,,1,1,3.00,true,Format: DVD
UNDERDOG COLLECTION: VOLUME 1,,,"CARTOONS, FAMILY",,,1,1,3.00,true,Format: DVD
UNDERDOG COLLECTION: VOLUME 3,,,"CARTOONS, FAMILY",,,1,1,3.00,true,Format: DVD
UNDERGROUND - SERBO-CROATION,,,"AWARD WINNER, INTERNATIONAL",,,1,1,3.00,true,Format: DVD
UNFAITHFULLY YOURS,,,CRITERION,,,1,1,3.00,true,Format: DVD
UNFORGIVEN,,,"AWARD WINNER, WESTERN",,,1,1,3.00,true,Format: DVD
UNLISTED: A STORY OF SCHIZOPHRENIA,,,DOCUMENTARY,,,1,1,3.00,true,Format: DVD
UNTIL THE END OF THE WORLD - ENGLISH / FRENCH/ GERMAN,,,"CRITERION, INTERNATIONAL",,,1,1,3.00,true,Format: DVD
UP,,,"FAMILY, STUDIO",,,1,1,3.00,true,Format: BLU-RAY
VA SAVOIR - FRENCH,,,INTERNATIONAL,,,1,1,3.00,true,Format: DVD
VALET THE - FRENCH,,,INTERNATIONAL,,,1,1,3.00,true,Format: DVD
VALLEY GIRL,,,,,,1,1,3.00,true,Format: BLU-RAY
VAMPIRE PARTY - FRENCH,,,INTERNATIONAL,,,1,1,3.00,true,Format: DVD
VAMPIRES (2011) - FRENCH,2011,,INTERNATIONAL,,,1,1,3.00,true,Format: DVD
VAMPYR - GERMAN,,,"CRITERION, INTERNATIONAL",,,1,1,3.00,true,Format: DVD
VANISHING THE (1988) - FRENCH / DUTCH,1988,,"CRITERION, INTERNATIONAL",,,1,1,3.00,true,Format: DVD
VARIETY LIGHTS - ITALIAN,,,"CRITERION, INTERNATIONAL",,,1,1,3.00,true,Format: DVD
VENGEANCE IS MINE - JAPANESE,,,"CRITERION, INTERNATIONAL",,,1,1,3.00,true,Format: DVD
VENUS BEAUTY INSTITUTE - FRENCH,,,INTERNATIONAL,,,1,1,3.00,true,Format: DVD
VERONIKA VOSS,,,CRITERION,,,1,1,3.00,true,Format: DVD
VERTIGO,,,CLASSIC,,,1,1,3.00,true,Format: BLU-RAY | Keywords: HITCHCOCK
VERY LONG ENGAGEMENT A - FRENCH,,,INTERNATIONAL,,,1,1,3.00,true,Format: DVD
VINTAGE MICKEY,,,"CARTOONS, FAMILY, STUDIO",,,1,1,3.00,true,Format: DVD
VIOLENCE AT NOON - JAPANESE,,,"ECLIPSE, CRITERION, INTERNATIONAL",,,1,1,3.00,true,Format: DVD
VIRGIN SPRING THE - SWEDISH,,,"AWARD WINNER, CRITERION, INTERNATIONAL",,,1,1,3.00,true,Format: DVD
VIRIDIANA - SPANISH,,,"AWARD WINNER, CRITERION, INTERNATIONAL",,,1,1,3.00,true,Format: DVD
VIVRE SA VIE - FRENCH,,,"CRITERION, INTERNATIONAL",,,1,1,3.00,true,Format: DVD
W.C. FIELDS 6 SHORT FILMS,,,CRITERION,,,1,1,3.00,true,Format: DVD
WALK THE LINE,,,AWARD WINNER,,,1,1,3.00,true,Format: DVD
WALKABOUT,,,CRITERION,,,1,1,3.00,true,Format: DVD
WALKER,,,CRITERION,,,1,1,3.00,true,Format: DVD
WALL STREET,,,AWARD WINNER,,,1,1,3.00,true,Format: DVD
WAR DOGS,,,,,,1,1,3.00,true,Format: BLU-RAY
WAR GAME / CULLODEN,,,"AWARD WINNER, DOCUMENTARY",,,1,1,3.00,true,Format: DVD
WAR ROOM THE,,,CRITERION,,,1,1,3.00,true,Format: DVD
WARNING SHOT,,,,,,1,1,3.00,true,Format: DVD
WARNING SHOT,,,,,,1,1,3.00,true,Format: BLU-RAY
WARPED ONES THE - JAPANESE,,,"ECLIPSE, CRITERION, INTERNATIONAL",,,1,1,3.00,true,Format: DVD
WARRENDALE,,,"ECLIPSE, CRITERION",,,1,1,3.00,true,Format: DVD
WASABI - FRENCH,,,INTERNATIONAL,,,1,1,3.00,true,Format: DVD
WATERSHIP DOWN,,,,,,1,1,3.00,true,Format: BLU-RAY
WB ACADEMY AWARDS ANIMATION,,,"CARTOONS, FAMILY, STUDIO",,,1,1,3.00,true,Format: DVD
WB ACADEMY AWARDS ANIMATION,,,"CARTOONS, FAMILY, STUDIO",,,1,1,3.00,true,Format: DVD
WEEKEND,,,CRITERION,,,1,1,3.00,true,Format: DVD
WEEKEND - FRENCH,,,"CRITERION, INTERNATIONAL",,,1,1,3.00,true,Format: DVD
WEEKEND AT BERNIE'S,,,COMEDY,,,1,1,3.00,true,Format: DVD
WELCOME - FRENCH,,,INTERNATIONAL,,,1,1,3.00,true,Format: DVD
WEST SIDE STORY,,,"AWARD WINNER, MUSICAL",,,1,1,3.00,true,Format: DVD
WESTERN - FRENCH,,,INTERNATIONAL,,,1,1,3.00,true,Format: DVD
WET HOT AMERICAN SUMMER,,,,,,1,1,3.00,true,Format: BLU-RAY
WHAT PRICE GLORY,,,CLASSIC,,,1,1,3.00,true,Format: DVD
WHAT'S UP DOC?,,,,,,1,1,3.00,true,Format: BLU-RAY
WHEN A WOMAN ASCENDS THE STAIRS - JAPANESE,,,"CRITERION, INTERNATIONAL",,,1,1,3.00,true,Format: DVD
WHEN WE WERE KINGS,,,"AWARD WINNER, DOCUMENTARY",,,1,1,3.00,true,Format: DVD
WHERE THE WILD THINGS ARE / THE NEVERENDING STORY,,,FAMILY,,,1,1,3.00,true,Format: BLU-RAY
WHISPER OF THE HEART,,,STUDIO GHIBLI,,,1,1,3.00,true,Format: DVD
WHITE - FRENCH,,,INTERNATIONAL,,,1,1,3.00,true,Format: DVD
WHITE ANGEL THE - ITALIAN,,,"ECLIPSE, CRITERION, INTERNATIONAL",,,1,1,3.00,true,Format: DVD
WHITE CHRISTMAS,,,MUSICAL,,,1,1,3.00,true,Format: DVD | Keywords: HOLIDAY
WHITE DOG,,,CRITERION,,,1,1,3.00,true,Format: DVD
WHITE MANE - FRENCH,,,INTERNATIONAL,,,1,1,3.00,true,Format: DVD
WHITE MATERIAL - FRENCH,,,CRITERION,,,1,1,3.00,true,Format: DVD
WHITE RIBBON THE - GERMAN,,,AWARD WINNER,,,1,1,3.00,true,Format: DVD
WHITE SHEIK THE - ITALIAN,,,"CRITERION, INTERNATIONAL",,,1,1,3.00,true,Format: DVD
WHO ARE YOU POLLY MAGGOO? - FRENCH,,,"ECLIPSE, CRITERION, INTERNATIONAL",,,1,1,3.00,true,Format: DVD
WHO YOU THINK I AM,,,,,,1,1,3.00,true,Format: BLU-RAY
WHO'S AFRAID OF VIRGINIA WOOLF?,,,AWARD WINNER,,,1,1,3.00,true,Format: DVD
WICKED LADY THE,,,"ECLIPSE, CRITERION",,,1,1,3.00,true,Format: DVD
WIDOW OF SAINT-PIERRE THE - FRENCH,,,INTERNATIONAL,,,1,1,3.00,true,Format: DVD
WILD 90 / BEYOND THE LAW,,,"ECLIPSE, CRITERION",,,1,1,3.00,true,Format: DVD
WILD CHILD THE - FRENCH,,,INTERNATIONAL,,,1,1,3.00,true,Format: DVD
WILD GRASS - FRENCH,,,INTERNATIONAL,,,1,1,3.00,true,Format: DVD
WILL SUCCESS SPOIL ROCK HUNTER?,,,CLASSIC,,,1,1,3.00,true,Format: DVD
WIND RISES THE,,,"MIYAZAKI, STUDIO GHIBLI",,,1,1,3.00,true,Format: DVD
WINGS (1966) - RUSSIAN,1966,,"ECLIPSE, CRITERION, INTERNATIONAL",,,1,1,3.00,true,Format: DVD
WINTER SLEEP - TURKISH,,,"AWARD WINNER, INTERNATIONAL",,,1,1,3.00,true,Format: DVD
WISE BLOOD,,,CRITERION,,,1,1,3.00,true,Format: DVD
WITH A FRIEND LIKE HARRY - FRENCH,,,INTERNATIONAL,,,1,1,3.00,true,Format: DVD
WITNESSES THE - FRENCH,,,INTERNATIONAL,,,1,1,3.00,true,Format: DVD
WIZARD OF OZ THE,,,MUSICAL,,,1,1,3.00,true,Format: DVD
WOMAN IS A WOMAN A - FRENCH,,,"CRITERION, INTERNATIONAL",,,1,1,3.00,true,Format: DVD
WOMAN NEXT DOOR THE - FRENCH,,,INTERNATIONAL,,,1,1,3.00,true,Format: DVD
WOMEN - FRENCH,,,INTERNATIONAL,,,1,1,3.00,true,Format: DVD
WOMEN IN LOVE,,,AWARD WINNER,,,1,1,3.00,true,Format: DVD
WONKA,,,,,,1,1,3.00,true,Format: 4K-ULTRA
WOODSTOCK (EXTRAS),,,"AWARD WINNER, DOCUMENTARY",,,1,1,3.00,true,Format: DVD
WOODY WOODPECKER AND FRIENDS,,,"CARTOONS, FAMILY",,,1,1,3.00,true,Format: DVD
WOODY WOODPECKER FAVORITES,,,CARTOONS,,,1,1,3.00,true,Format: DVD
WORLD ON A WIRE,,,CRITERION,,,1,1,3.00,true,Format: DVD
WRITTEN ON THE WIND,,,CRITERION,,,1,1,3.00,true,Format: DVD
X FROM OUTER SPACE THE,,,"ECLIPSE, CRITERION",,,1,1,3.00,true,Format: DVD
X-MEN FIRST CLASS,,,,,,1,1,3.00,true,Format: BLU-RAY
YANKEE DOODLE DANDY,,,"AWARD WINNER, CLASSIC",,,1,1,3.00,true,Format: DVD
YESTERDAY TODAY AND TOMORROW - ITALIAN,,,"AWARD WINNER, INTERNATIONAL",,,1,1,3.00,true,Format: DVD
YI YI - MANDARIN,,,"CRITERION, INTERNATIONAL",,,1,1,3.00,true,Format: DVD
YOU CAN'T CHEAT AN HONEST MAN,,,CLASSIC,,,1,1,3.00,true,Format: DVD | Keywords: W.C. FIELDS
YOUNG FRANKENSTEIN,,,CULT CLASSICS,,,1,1,3.00,true,Format: DVD
YOUNG GIRLS OF ROCHEFORT THE - FRENCH,,,INTERNATIONAL,,,1,1,3.00,true,Format: DVD
YOUNG MR. LINCOLN,,,CRITERION,,,1,1,3.00,true,Format: DVD
YOUNG TORLESS - GERMAN,,,"CRITERION, INTERNATIONAL",,,1,1,3.00,true,Format: DVD
YOUTH OF THE BEAST - JAPANESE,,,"CRITERION, INTERNATIONAL",,,1,1,3.00,true,Format: DVD
YVES SAINT LAURENT - FRENCH,,,INTERNATIONAL,,,1,1,3.00,true,Format: DVD
Z - FRENCH,,,"AWARD WINNER, CRITERION, INTERNATIONAL",,,1,1,3.00,true,Format: DVD
ZAZIE DANS LE METRO - FRENCH,,,"CRITERION, INTERNATIONAL",,,1,1,3.00,true,Format: DVD
FOGHORN LEGHORN & FRIENDS,,,"CARTOONS, FAMILY, LOONEY TOONS",,,1,1,3.00,true,Source: Original tab
TWEETY & SYLVESTER,,,"CARTOONS, FAMILY, LOONEY TOONS",,,1,1,3.00,true,Source: Original tab
DC LEAGUE OF SUPERPETS,,,,,,1,1,3.00,true,Format: BLU-RAY | Source: Original tab
IT'S A WONDERFUL LIFE,,,"CLASSIC, HOLIDAY",,,1,1,3.00,true,Source: Original tab
LIFE AQUATIC WITH STEVE ZISSOU THE,,,"CRITERION, WES ANDERSON",,,1,1,3.00,true,Source: Original tab
A COLT IS MY PASSPORT - JAPANESE,,,"CRITERION, ECLIPSE, INTERNATIONAL",,,1,1,3.00,true,Source: Original tab
BLOOD OF A POET THE - FRENCH,,,"CRITERION, INTERNATIONAL",,,1,1,3.00,true,Source: Original tab
HOTAL AMERICA / I DON'T KISS / MY FAVORITE SEASON / WILD REEDS - FRENCH,,,INTERNATIONAL,,,1,1,3.00,true,Source: Original tab
WR: MYSTERIES OF THE ORGANISM - SERBO-CROATION,,,"CRITERION, INTERNATIONAL",,,1,1,3.00,true,Source: Original tab
